/* 本地 Source Han Sans SC 子集字体 20px，使用 LVGL v9 fmt_txt，未经缩放。 */
#include "lvgl.h"

static LV_ATTRIBUTE_MEM_ALIGN const uint8_t cjk20_glyph_bitmap[] = {
    0x00, 0x30, 0x30, 0x30, 0x30, 0x30, 0x30, 0x30, 0x10, 0x10, 0x10, 0x00, 0x00, 0x10, 0x30, 0x30,
    0x00, 0x32, 0x00, 0x32, 0x00, 0x22, 0x00, 0x22, 0x00, 0x22, 0x00, 0x22, 0x00, 0x00, 0x00, 0x00,
    0x00, 0x00, 0x00, 0x00, 0x00, 0x00, 0x00, 0x00, 0x00, 0x00, 0x00, 0x00, 0x00, 0x00, 0x00, 0x00,
    0x00, 0x08, 0x80, 0x08, 0x80, 0x18, 0x80, 0x11, 0x80, 0x7F, 0xC0, 0x11, 0x00, 0x11, 0x00, 0x11,
    0x00, 0x7F, 0xC0, 0x11, 0x00, 0x31, 0x00, 0x23, 0x00, 0x22, 0x00, 0x22, 0x00, 0x00, 0x00, 0x04,
    0x00, 0x04, 0x00, 0x0F, 0x00, 0x1F, 0x80, 0x30, 0x80, 0x20, 0x00, 0x20, 0x00, 0x30, 0x00, 0x1C,
    0x00, 0x0F, 0x00, 0x03, 0x80, 0x01, 0x80, 0x00, 0xC0, 0x00, 0xC0, 0x00, 0x80, 0x71, 0x80, 0x1F,
    0x00, 0x04, 0x00, 0x04, 0x00, 0x3C, 0x08, 0x00, 0x66, 0x08, 0x00, 0x42, 0x10, 0x00, 0x42, 0x10,
    0x00, 0x42, 0x20, 0x00, 0x42, 0x20, 0x00, 0x42, 0x4F, 0x00, 0x66, 0x49, 0x80, 0x3C, 0x90, 0x80,
    0x01, 0x90, 0x80, 0x01, 0x10, 0x80, 0x03, 0x10, 0x80, 0x02, 0x10, 0x80, 0x04, 0x09, 0x80, 0x04,
    0x07, 0x00, 0x0F, 0x00, 0x19, 0x00, 0x11, 0x80, 0x11, 0x80, 0x11, 0x00, 0x1A, 0x00, 0x0C, 0x00,
    0x1C, 0x18, 0x34, 0x10, 0x66, 0x30, 0x43, 0x20, 0x41, 0xE0, 0x60, 0xE0, 0x33, 0xB8, 0x1F, 0x18,
    0x30, 0x30, 0x20, 0x20, 0x20, 0x20, 0x00, 0x00, 0x00, 0x00, 0x00, 0x00, 0x00, 0x00, 0x00, 0x00,
    0x0C, 0x08, 0x18, 0x10, 0x10, 0x30, 0x30, 0x20, 0x20, 0x20, 0x20, 0x20, 0x20, 0x30, 0x30, 0x10,
    0x10, 0x18, 0x08, 0x0C, 0x00, 0x40, 0x60, 0x20, 0x30, 0x10, 0x10, 0x10, 0x18, 0x18, 0x18, 0x18,
    0x18, 0x18, 0x10, 0x10, 0x10, 0x30, 0x20, 0x60, 0x40, 0x00, 0x08, 0x00, 0x08, 0x00, 0x7F, 0x00,
    0x1C, 0x00, 0x1C, 0x00, 0x36, 0x00, 0x00, 0x00, 0x00, 0x00, 0x00, 0x00, 0x00, 0x00, 0x00, 0x00,
    0x00, 0x00, 0x00, 0x00, 0x00, 0x00, 0x00, 0x00, 0x00, 0x00, 0x04, 0x00, 0x04, 0x00, 0x04, 0x00,
    0x04, 0x00, 0x7F, 0xC0, 0x04, 0x00, 0x04, 0x00, 0x04, 0x00, 0x04, 0x00, 0x04, 0x00, 0x00, 0x00,
    0x00, 0x00, 0x00, 0x00, 0x30, 0x30, 0x10, 0x10, 0x60, 0x40, 0x00, 0x7C, 0x00, 0x00, 0x00, 0x00,
    0x00, 0x00, 0x20, 0x70, 0x30, 0x02, 0x02, 0x02, 0x04, 0x04, 0x04, 0x0C, 0x08, 0x08, 0x18, 0x10,
    0x10, 0x30, 0x20, 0x20, 0x60, 0x40, 0x40, 0x40, 0x00, 0x0E, 0x00, 0x3B, 0x80, 0x31, 0x80, 0x20,
    0x80, 0x60, 0xC0, 0x60, 0xC0, 0x60, 0xC0, 0x60, 0xC0, 0x60, 0xC0, 0x60, 0xC0, 0x60, 0xC0, 0x20,
    0x80, 0x31, 0x80, 0x3B, 0x00, 0x0E, 0x00, 0x0E, 0x00, 0x3E, 0x00, 0x06, 0x00, 0x06, 0x00, 0x06,
    0x00, 0x06, 0x00, 0x06, 0x00, 0x06, 0x00, 0x06, 0x00, 0x06, 0x00, 0x06, 0x00, 0x06, 0x00, 0x06,
    0x00, 0x06, 0x00, 0x3F, 0xC0, 0x1E, 0x00, 0x73, 0x00, 0x41, 0x80, 0x00, 0x80, 0x00, 0x80, 0x00,
    0x80, 0x01, 0x80, 0x01, 0x00, 0x03, 0x00, 0x06, 0x00, 0x04, 0x00, 0x0C, 0x00, 0x18, 0x00, 0x30,
    0x00, 0x7F, 0xC0, 0x1E, 0x00, 0x73, 0x80, 0x01, 0x80, 0x00, 0x80, 0x00, 0x80, 0x01, 0x80, 0x03,
    0x00, 0x0E, 0x00, 0x01, 0x80, 0x00, 0xC0, 0x00, 0xC0, 0x00, 0xC0, 0x40, 0xC0, 0x73, 0x80, 0x1F,
    0x00, 0x03, 0x00, 0x03, 0x00, 0x07, 0x00, 0x0D, 0x00, 0x09, 0x00, 0x19, 0x00, 0x11, 0x00, 0x31,
    0x00, 0x61, 0x00, 0x41, 0x00, 0xFF, 0xC0, 0x01, 0x00, 0x01, 0x00, 0x01, 0x00, 0x01, 0x00, 0x3F,
    0x80, 0x30, 0x00, 0x30, 0x00, 0x20, 0x00, 0x20, 0x00, 0x3F, 0x00, 0x33, 0x80, 0x00, 0xC0, 0x00,
    0xC0, 0x00, 0xC0, 0x00, 0xC0, 0x00, 0xC0, 0x41, 0x80, 0x73, 0x80, 0x1E, 0x00, 0x0F, 0x80, 0x1D,
    0xC0, 0x30, 0x00, 0x20, 0x00, 0x60, 0x00, 0x60, 0x00, 0x6F, 0x80, 0x71, 0x80, 0x60, 0xC0, 0x60,
    0xC0, 0x60, 0x40, 0x20, 0xC0, 0x30, 0xC0, 0x19, 0x80, 0x0F, 0x00, 0x7F, 0xC0, 0x00, 0xC0, 0x01,
    0x80, 0x01, 0x00, 0x03, 0x00, 0x02, 0x00, 0x06, 0x00, 0x06, 0x00, 0x04, 0x00, 0x04, 0x00, 0x0C,
    0x00, 0x0C, 0x00, 0x0C, 0x00, 0x0C, 0x00, 0x0C, 0x00, 0x1F, 0x00, 0x31, 0x80, 0x20, 0x80, 0x20,
    0xC0, 0x20, 0x80, 0x30, 0x80, 0x1D, 0x00, 0x1F, 0x00, 0x21, 0x80, 0x60, 0xC0, 0x40, 0xC0, 0x40,
    0xC0, 0x60, 0xC0, 0x31, 0x80, 0x1F, 0x00, 0x1E, 0x00, 0x33, 0x00, 0x61, 0x80, 0x60, 0x80, 0x40,
    0xC0, 0x40, 0xC0, 0x60, 0xC0, 0x31, 0xC0, 0x3E, 0xC0, 0x00, 0xC0, 0x00, 0x80, 0x00, 0x80, 0x01,
    0x80, 0x73, 0x00, 0x3E, 0x00, 0x20, 0x70, 0x30, 0x00, 0x00, 0x00, 0x00, 0x00, 0x20, 0x70, 0x30,
    0x20, 0x70, 0x30, 0x00, 0x00, 0x00, 0x00, 0x00, 0x00, 0x30, 0x30, 0x10, 0x10, 0x60, 0x40, 0x00,
    0x40, 0x01, 0xC0, 0x0F, 0x00, 0x38, 0x00, 0x60, 0x00, 0x78, 0x00, 0x0E, 0x00, 0x03, 0xC0, 0x00,
    0x40, 0x00, 0x00, 0x00, 0x00, 0x00, 0x00, 0x7F, 0xC0, 0x00, 0x00, 0x00, 0x00, 0x00, 0x00, 0x7F,
    0xC0, 0x00, 0x00, 0x00, 0x00, 0x00, 0x00, 0x00, 0x00, 0x00, 0x00, 0x00, 0x00, 0x40, 0x00, 0x70,
    0x00, 0x1E, 0x00, 0x03, 0x80, 0x00, 0xC0, 0x03, 0xC0, 0x0E, 0x00, 0x78, 0x00, 0x40, 0x00, 0x00,
    0x00, 0x00, 0x00, 0x00, 0x00, 0x3E, 0x00, 0x63, 0x00, 0x01, 0x00, 0x01, 0x00, 0x03, 0x00, 0x02,
    0x00, 0x06, 0x00, 0x0C, 0x00, 0x08, 0x00, 0x08, 0x00, 0x00, 0x00, 0x00, 0x00, 0x08, 0x00, 0x1C,
    0x00, 0x18, 0x00, 0x00, 0x00, 0x01, 0xF8, 0x00, 0x07, 0x06, 0x00, 0x0C, 0x03, 0x00, 0x18, 0x01,
    0x80, 0x30, 0x00, 0x80, 0x20, 0xE8, 0x80, 0x21, 0x18, 0xC0, 0x62, 0x10, 0xC0, 0x42, 0x10, 0x80,
    0x42, 0x10, 0x80, 0x42, 0x10, 0x80, 0x62, 0x31, 0x00, 0x21, 0xDE, 0x00, 0x20, 0x00, 0x00, 0x10,
    0x00, 0x00, 0x0C, 0x08, 0x00, 0x07, 0xF0, 0x00, 0x00, 0x00, 0x00, 0x00, 0x00, 0x00, 0x06, 0x00,
    0x06, 0x00, 0x0F, 0x00, 0x09, 0x00, 0x09, 0x00, 0x19, 0x80, 0x10, 0x80, 0x10, 0x80, 0x30, 0xC0,
    0x3F, 0xC0, 0x20, 0x40, 0x60, 0x60, 0x60, 0x60, 0x40, 0x20, 0xC0, 0x30, 0x3F, 0x80, 0x30, 0xE0,
    0x30, 0x60, 0x30, 0x20, 0x30, 0x20, 0x30, 0x60, 0x30, 0xC0, 0x3F, 0xC0, 0x30, 0x60, 0x30, 0x30,
    0x30, 0x30, 0x30, 0x30, 0x30, 0x30, 0x30, 0xE0, 0x3F, 0xC0, 0x07, 0xC0, 0x0E, 0xE0, 0x18, 0x20,
    0x30, 0x00, 0x20, 0x00, 0x60, 0x00, 0x60, 0x00, 0x60, 0x00, 0x60, 0x00, 0x60, 0x00, 0x20, 0x00,
    0x30, 0x00, 0x18, 0x30, 0x1E, 0xE0, 0x07, 0xC0, 0x3F, 0x80, 0x31, 0xC0, 0x30, 0x60, 0x30, 0x30,
    0x30, 0x30, 0x30, 0x10, 0x30, 0x10, 0x30, 0x10, 0x30, 0x10, 0x30, 0x10, 0x30, 0x30, 0x30, 0x30,
    0x30, 0x60, 0x31, 0xC0, 0x3F, 0x80, 0x3F, 0xC0, 0x30, 0x00, 0x30, 0x00, 0x30, 0x00, 0x30, 0x00,
    0x30, 0x00, 0x30, 0x00, 0x3F, 0x80, 0x30, 0x00, 0x30, 0x00, 0x30, 0x00, 0x30, 0x00, 0x30, 0x00,
    0x30, 0x00, 0x3F, 0xE0, 0x3F, 0xC0, 0x30, 0x00, 0x30, 0x00, 0x30, 0x00, 0x30, 0x00, 0x30, 0x00,
    0x30, 0x00, 0x3F, 0x80, 0x30, 0x00, 0x30, 0x00, 0x30, 0x00, 0x30, 0x00, 0x30, 0x00, 0x30, 0x00,
    0x30, 0x00, 0x07, 0xC0, 0x0E, 0xF0, 0x18, 0x00, 0x30, 0x00, 0x20, 0x00, 0x60, 0x00, 0x60, 0x00,
    0x60, 0x00, 0x61, 0xF0, 0x60, 0x10, 0x20, 0x10, 0x30, 0x10, 0x18, 0x10, 0x1E, 0x70, 0x07, 0xC0,
    0x30, 0x10, 0x30, 0x10, 0x30, 0x10, 0x30, 0x10, 0x30, 0x10, 0x30, 0x10, 0x30, 0x10, 0x3F, 0xF0,
    0x30, 0x10, 0x30, 0x10, 0x30, 0x10, 0x30, 0x10, 0x30, 0x10, 0x30, 0x10, 0x30, 0x10, 0x30, 0x30,
    0x30, 0x30, 0x30, 0x30, 0x30, 0x30, 0x30, 0x30, 0x30, 0x30, 0x30, 0x30, 0x30, 0x01, 0x80, 0x01,
    0x80, 0x01, 0x80, 0x01, 0x80, 0x01, 0x80, 0x01, 0x80, 0x01, 0x80, 0x01, 0x80, 0x01, 0x80, 0x01,
    0x80, 0x01, 0x80, 0x01, 0x80, 0x41, 0x00, 0x77, 0x00, 0x3E, 0x00, 0x30, 0x30, 0x30, 0x60, 0x30,
    0xC0, 0x31, 0x80, 0x33, 0x00, 0x32, 0x00, 0x37, 0x00, 0x3D, 0x00, 0x39, 0x80, 0x30, 0xC0, 0x30,
    0xC0, 0x30, 0x60, 0x30, 0x60, 0x30, 0x30, 0x30, 0x10, 0x30, 0x00, 0x30, 0x00, 0x30, 0x00, 0x30,
    0x00, 0x30, 0x00, 0x30, 0x00, 0x30, 0x00, 0x30, 0x00, 0x30, 0x00, 0x30, 0x00, 0x30, 0x00, 0x30,
    0x00, 0x30, 0x00, 0x30, 0x00, 0x3F, 0xC0, 0x30, 0x0C, 0x38, 0x1C, 0x28, 0x14, 0x28, 0x14, 0x2C,
    0x34, 0x34, 0x24, 0x34, 0x2C, 0x36, 0x6C, 0x32, 0x4C, 0x32, 0x4C, 0x31, 0xCC, 0x31, 0x8C, 0x31,
    0x8C, 0x30, 0x0C, 0x30, 0x0C, 0x30, 0x10, 0x38, 0x10, 0x28, 0x10, 0x2C, 0x10, 0x34, 0x10, 0x36,
    0x10, 0x32, 0x10, 0x33, 0x10, 0x31, 0x90, 0x31, 0x90, 0x30, 0xD0, 0x30, 0x50, 0x30, 0x70, 0x30,
    0x30, 0x30, 0x30, 0x07, 0xC0, 0x1E, 0xE0, 0x18, 0x30, 0x30, 0x18, 0x20, 0x18, 0x60, 0x08, 0x60,
    0x0C, 0x60, 0x0C, 0x60, 0x0C, 0x60, 0x08, 0x20, 0x18, 0x30, 0x18, 0x18, 0x30, 0x1E, 0xE0, 0x07,
    0xC0, 0x3F, 0x80, 0x30, 0xE0, 0x30, 0x60, 0x30, 0x20, 0x30, 0x30, 0x30, 0x20, 0x30, 0x60, 0x30,
    0xC0, 0x3F, 0x80, 0x30, 0x00, 0x30, 0x00, 0x30, 0x00, 0x30, 0x00, 0x30, 0x00, 0x30, 0x00, 0x07,
    0xC0, 0x1E, 0xE0, 0x18, 0x30, 0x30, 0x18, 0x20, 0x18, 0x60, 0x08, 0x60, 0x0C, 0x60, 0x0C, 0x60,
    0x0C, 0x60, 0x08, 0x20, 0x18, 0x30, 0x18, 0x18, 0x30, 0x1C, 0x60, 0x07, 0xC0, 0x01, 0x80, 0x01,
    0xC0, 0x00, 0x7C, 0x00, 0x00, 0x3F, 0x80, 0x30, 0xE0, 0x30, 0x20, 0x30, 0x30, 0x30, 0x30, 0x30,
    0x20, 0x30, 0x60, 0x3F, 0xC0, 0x31, 0x00, 0x31, 0x80, 0x30, 0x80, 0x30, 0xC0, 0x30, 0x60, 0x30,
    0x60, 0x30, 0x30, 0x0F, 0x80, 0x1D, 0xC0, 0x30, 0x40, 0x20, 0x00, 0x30, 0x00, 0x30, 0x00, 0x1E,
    0x00, 0x07, 0x80, 0x01, 0xC0, 0x00, 0x60, 0x00, 0x60, 0x00, 0x60, 0x60, 0x60, 0x39, 0xC0, 0x1F,
    0x80, 0x7F, 0xE0, 0x06, 0x00, 0x06, 0x00, 0x06, 0x00, 0x06, 0x00, 0x06, 0x00, 0x06, 0x00, 0x06,
    0x00, 0x06, 0x00, 0x06, 0x00, 0x06, 0x00, 0x06, 0x00, 0x06, 0x00, 0x06, 0x00, 0x06, 0x00, 0x30,
    0x10, 0x30, 0x10, 0x30, 0x10, 0x30, 0x10, 0x30, 0x10, 0x30, 0x10, 0x30, 0x10, 0x30, 0x10, 0x30,
    0x10, 0x30, 0x10, 0x30, 0x10, 0x30, 0x30, 0x18, 0x30, 0x1E, 0xE0, 0x07, 0xC0, 0xC0, 0x60, 0x40,
    0x60, 0x60, 0x60, 0x60, 0x40, 0x60, 0xC0, 0x20, 0xC0, 0x30, 0x80, 0x31, 0x80, 0x11, 0x80, 0x19,
    0x00, 0x19, 0x00, 0x0B, 0x00, 0x0A, 0x00, 0x0E, 0x00, 0x06, 0x00, 0x40, 0xC1, 0x80, 0x60, 0xC1,
    0x80, 0x61, 0xC1, 0x00, 0x61, 0x41, 0x00, 0x61, 0x63, 0x00, 0x21, 0x63, 0x00, 0x23, 0x23, 0x00,
    0x32, 0x22, 0x00, 0x32, 0x32, 0x00, 0x12, 0x36, 0x00, 0x16, 0x16, 0x00, 0x14, 0x14, 0x00, 0x1C,
    0x1C, 0x00, 0x1C, 0x1C, 0x00, 0x0C, 0x0C, 0x00, 0x60, 0x40, 0x60, 0xC0, 0x30, 0x80, 0x11, 0x80,
    0x19, 0x00, 0x0B, 0x00, 0x0E, 0x00, 0x06, 0x00, 0x0A, 0x00, 0x1B, 0x00, 0x11, 0x00, 0x31, 0x80,
    0x20, 0xC0, 0x60, 0xC0, 0x40, 0x60, 0xC0, 0x40, 0x40, 0xC0, 0x60, 0x80, 0x21, 0x80, 0x31, 0x00,
    0x13, 0x00, 0x1A, 0x00, 0x0E, 0x00, 0x0C, 0x00, 0x0C, 0x00, 0x0C, 0x00, 0x0C, 0x00, 0x0C, 0x00,
    0x0C, 0x00, 0x0C, 0x00, 0x3F, 0xE0, 0x00, 0x60, 0x00, 0xC0, 0x00, 0x80, 0x01, 0x80, 0x03, 0x00,
    0x03, 0x00, 0x06, 0x00, 0x0C, 0x00, 0x0C, 0x00, 0x18, 0x00, 0x10, 0x00, 0x30, 0x00, 0x60, 0x00,
    0x7F, 0xE0, 0x3C, 0x20, 0x20, 0x20, 0x20, 0x20, 0x20, 0x20, 0x20, 0x20, 0x20, 0x20, 0x20, 0x20,
    0x20, 0x20, 0x20, 0x20, 0x3C, 0xC0, 0x40, 0x40, 0x60, 0x20, 0x20, 0x30, 0x10, 0x10, 0x10, 0x08,
    0x08, 0x08, 0x04, 0x04, 0x04, 0x06, 0x02, 0x02, 0x00, 0x78, 0x18, 0x18, 0x18, 0x18, 0x18, 0x18,
    0x18, 0x18, 0x18, 0x18, 0x18, 0x18, 0x18, 0x18, 0x18, 0x18, 0x18, 0x78, 0x04, 0x00, 0x0E, 0x00,
    0x0A, 0x00, 0x1B, 0x00, 0x11, 0x00, 0x11, 0x00, 0x31, 0x80, 0x20, 0x80, 0x60, 0xC0, 0x00, 0x00,
    0x00, 0x00, 0x00, 0x00, 0x00, 0x00, 0x00, 0x00, 0x00, 0x00, 0x00, 0x00, 0x00, 0x00, 0xFF, 0xE0,
    0x18, 0x00, 0x0C, 0x00, 0x06, 0x00, 0x02, 0x00, 0x00, 0x00, 0x00, 0x00, 0x00, 0x00, 0x00, 0x00,
    0x00, 0x00, 0x00, 0x00, 0x00, 0x00, 0x00, 0x00, 0x00, 0x00, 0x00, 0x00, 0x00, 0x00, 0x00, 0x00,
    0x00, 0x00, 0x00, 0x00, 0x1F, 0x00, 0x3B, 0x80, 0x00, 0x80, 0x00, 0x80, 0x03, 0xC0, 0x1C, 0xC0,
    0x20, 0xC0, 0x60, 0xC0, 0x60, 0xC0, 0x73, 0xC0, 0x3C, 0xC0, 0x30, 0x00, 0x30, 0x00, 0x30, 0x00,
    0x30, 0x00, 0x30, 0x00, 0x27, 0x80, 0x2D, 0xC0, 0x30, 0x60, 0x30, 0x60, 0x30, 0x60, 0x30, 0x20,
    0x30, 0x60, 0x30, 0x60, 0x30, 0x40, 0x39, 0xC0, 0x27, 0x80, 0x0F, 0x00, 0x19, 0x80, 0x30, 0x00,
    0x60, 0x00, 0x60, 0x00, 0x60, 0x00, 0x60, 0x00, 0x60, 0x00, 0x30, 0x00, 0x39, 0x80, 0x0F, 0x00,
    0x00, 0x40, 0x00, 0x40, 0x00, 0x40, 0x00, 0x40, 0x00, 0x40, 0x0F, 0x40, 0x19, 0xC0, 0x30, 0x40,
    0x60, 0x40, 0x60, 0x40, 0x60, 0x40, 0x60, 0x40, 0x60, 0x40, 0x30, 0xC0, 0x39, 0xC0, 0x1E, 0x40,
    0x0F, 0x00, 0x19, 0x80, 0x30, 0xC0, 0x60, 0x40, 0x60, 0x40, 0x7F, 0xC0, 0x60, 0x00, 0x60, 0x00,
    0x30, 0x00, 0x38, 0x80, 0x0F, 0x80, 0x1E, 0x30, 0x30, 0x30, 0x30, 0x7C, 0x30, 0x30, 0x30, 0x30,
    0x30, 0x30, 0x30, 0x30, 0x30, 0x30, 0x00, 0x1F, 0xE0, 0x31, 0x80, 0x20, 0x80, 0x60, 0x80, 0x20,
    0x80, 0x31, 0x80, 0x1F, 0x00, 0x20, 0x00, 0x20, 0x00, 0x30, 0x00, 0x1F, 0xC0, 0x20, 0x60, 0x60,
    0x60, 0x60, 0x60, 0x70, 0xC0, 0x1F, 0x00, 0x30, 0x00, 0x30, 0x00, 0x30, 0x00, 0x30, 0x00, 0x30,
    0x00, 0x27, 0x80, 0x2D, 0xC0, 0x30, 0xC0, 0x30, 0x40, 0x30, 0x40, 0x30, 0x40, 0x30, 0x40, 0x30,
    0x40, 0x30, 0x40, 0x30, 0x40, 0x30, 0x40, 0x30, 0x30, 0x00, 0x00, 0x30, 0x30, 0x30, 0x30, 0x30,
    0x30, 0x30, 0x30, 0x30, 0x30, 0x30, 0x00, 0x18, 0x18, 0x00, 0x00, 0x18, 0x18, 0x18, 0x18, 0x18,
    0x18, 0x18, 0x18, 0x18, 0x18, 0x18, 0x18, 0x18, 0x10, 0xB0, 0xE0, 0x00, 0x30, 0x00, 0x30, 0x00,
    0x30, 0x00, 0x30, 0x00, 0x30, 0x00, 0x30, 0xC0, 0x31, 0x80, 0x33, 0x00, 0x32, 0x00, 0x36, 0x00,
    0x3E, 0x00, 0x3B, 0x00, 0x31, 0x00, 0x31, 0x80, 0x30, 0xC0, 0x30, 0x40, 0x00, 0x00, 0x30, 0x30,
    0x30, 0x30, 0x30, 0x30, 0x30, 0x30, 0x30, 0x30, 0x30, 0x30, 0x30, 0x30, 0x30, 0x38, 0x00, 0x27,
    0x8E, 0x00, 0x2D, 0xF3, 0x00, 0x30, 0xE1, 0x00, 0x30, 0xC1, 0x80, 0x30, 0xC1, 0x80, 0x30, 0xC1,
    0x80, 0x30, 0xC1, 0x80, 0x30, 0xC1, 0x80, 0x30, 0xC1, 0x80, 0x30, 0xC1, 0x80, 0x30, 0xC1, 0x80,
    0x27, 0x80, 0x2D, 0xC0, 0x30, 0xC0, 0x30, 0x40, 0x30, 0x40, 0x30, 0x40, 0x30, 0x40, 0x30, 0x40,
    0x30, 0x40, 0x30, 0x40, 0x30, 0x40, 0x0F, 0x00, 0x19, 0xC0, 0x30, 0xC0, 0x60, 0x60, 0x60, 0x60,
    0x60, 0x60, 0x60, 0x60, 0x60, 0x60, 0x30, 0xC0, 0x39, 0xC0, 0x0F, 0x00, 0x27, 0x80, 0x3D, 0xC0,
    0x30, 0x60, 0x30, 0x60, 0x30, 0x60, 0x30, 0x20, 0x30, 0x60, 0x30, 0x60, 0x30, 0x40, 0x39, 0xC0,
    0x27, 0x80, 0x30, 0x00, 0x30, 0x00, 0x30, 0x00, 0x30, 0x00, 0x30, 0x00, 0x0F, 0x40, 0x19, 0xC0,
    0x30, 0x40, 0x60, 0x40, 0x60, 0x40, 0x60, 0x40, 0x60, 0x40, 0x60, 0x40, 0x30, 0xC0, 0x39, 0xC0,
    0x1E, 0x40, 0x00, 0x40, 0x00, 0x40, 0x00, 0x40, 0x00, 0x40, 0x00, 0x40, 0x27, 0x2C, 0x30, 0x30,
    0x30, 0x30, 0x30, 0x30, 0x30, 0x30, 0x30, 0x1E, 0x00, 0x33, 0x00, 0x60, 0x00, 0x60, 0x00, 0x30,
    0x00, 0x1E, 0x00, 0x03, 0x00, 0x01, 0x00, 0x01, 0x00, 0x63, 0x00, 0x3E, 0x00, 0x30, 0x30, 0x30,
    0x7E, 0x30, 0x30, 0x30, 0x30, 0x30, 0x30, 0x30, 0x30, 0x1A, 0x1E, 0x00, 0x20, 0x40, 0x20, 0x40,
    0x20, 0x40, 0x20, 0x40, 0x20, 0x40, 0x20, 0x40, 0x20, 0x40, 0x20, 0x40, 0x30, 0xC0, 0x3B, 0x40,
    0x1E, 0x40, 0xC0, 0xC0, 0x40, 0x80, 0x60, 0x80, 0x21, 0x80, 0x21, 0x00, 0x31, 0x00, 0x13, 0x00,
    0x12, 0x00, 0x1A, 0x00, 0x0E, 0x00, 0x0C, 0x00, 0x41, 0x82, 0x61, 0x86, 0x63, 0x86, 0x22, 0xC4,
    0x22, 0x44, 0x32, 0x4C, 0x36, 0x6C, 0x14, 0x68, 0x14, 0x28, 0x1C, 0x38, 0x1C, 0x30, 0x61, 0x80,
    0x21, 0x00, 0x33, 0x00, 0x16, 0x00, 0x1C, 0x00, 0x0C, 0x00, 0x1E, 0x00, 0x36, 0x00, 0x23, 0x00,
    0x61, 0x00, 0x41, 0x80, 0xC0, 0xC0, 0x40, 0x80, 0x60, 0x80, 0x21, 0x80, 0x31, 0x00, 0x31, 0x00,
    0x13, 0x00, 0x1A, 0x00, 0x0A, 0x00, 0x0E, 0x00, 0x0C, 0x00, 0x04, 0x00, 0x0C, 0x00, 0x08, 0x00,
    0x18, 0x00, 0x70, 0x00, 0x7F, 0x80, 0x03, 0x00, 0x03, 0x00, 0x06, 0x00, 0x0C, 0x00, 0x0C, 0x00,
    0x18, 0x00, 0x30, 0x00, 0x30, 0x00, 0x60, 0x00, 0x7F, 0x80, 0x1C, 0x10, 0x30, 0x30, 0x10, 0x10,
    0x10, 0x10, 0x30, 0x60, 0x30, 0x10, 0x10, 0x10, 0x10, 0x30, 0x30, 0x10, 0x1C, 0x20, 0x20, 0x20,
    0x20, 0x20, 0x20, 0x20, 0x20, 0x20, 0x20, 0x20, 0x20, 0x20, 0x20, 0x20, 0x20, 0x20, 0x20, 0x20,
    0x20, 0x20, 0x20, 0x00, 0x60, 0x30, 0x10, 0x10, 0x10, 0x10, 0x10, 0x10, 0x10, 0x0C, 0x10, 0x10,
    0x10, 0x10, 0x10, 0x10, 0x10, 0x10, 0x60, 0x38, 0x00, 0x6C, 0x40, 0x43, 0x80, 0x00, 0x00, 0x00,
    0x00, 0x00, 0x00, 0x00, 0x00, 0x00, 0x00, 0x00, 0x00, 0x7F, 0xFF, 0xE0, 0x00, 0x00, 0x00, 0x00,
    0x00, 0x00, 0x00, 0x00, 0x00, 0x00, 0x00, 0x00, 0x00, 0x00, 0x00, 0x00, 0x00, 0x00, 0x00, 0x00,
    0x00, 0x00, 0x00, 0x00, 0x00, 0x60, 0x00, 0x00, 0x60, 0x00, 0x00, 0x60, 0x00, 0x00, 0x60, 0x00,
    0x3F, 0xFF, 0xC0, 0x20, 0x60, 0x40, 0x20, 0x60, 0x40, 0x20, 0x60, 0x40, 0x20, 0x60, 0x40, 0x20,
    0x60, 0x40, 0x20, 0x60, 0x40, 0x3F, 0xFF, 0xC0, 0x20, 0x60, 0x40, 0x20, 0x60, 0x40, 0x00, 0x60,
    0x00, 0x00, 0x60, 0x00, 0x00, 0x60, 0x00, 0x00, 0x60, 0x00, 0x00, 0x60, 0x00, 0x00, 0x60, 0x00,
    0x04, 0x18, 0x00, 0x04, 0x08, 0x00, 0x07, 0xFF, 0xE0, 0x0C, 0x00, 0x00, 0x08, 0x00, 0x00, 0x18,
    0xFF, 0x80, 0x30, 0x80, 0x80, 0x30, 0x80, 0x80, 0x70, 0xFF, 0x80, 0x50, 0x00, 0x00, 0x13, 0xFF,
    0xE0, 0x12, 0x00, 0x20, 0x12, 0x00, 0x20, 0x10, 0xFF, 0x80, 0x10, 0x08, 0x00, 0x10, 0x08, 0x00,
    0x10, 0x08, 0x00, 0x10, 0x08, 0x00, 0x10, 0x78, 0x00, 0x00, 0x00, 0x00, 0x00, 0x00, 0x00, 0x04,
    0x02, 0x00, 0x06, 0x06, 0x00, 0x02, 0x04, 0x00, 0x02, 0x0C, 0x00, 0x1F, 0xFF, 0xC0, 0x00, 0x60,
    0x00, 0x00, 0x60, 0x00, 0x00, 0x60, 0x00, 0x00, 0x60, 0x00, 0x7F, 0xFF, 0xE0, 0x00, 0x60, 0x00,
    0x00, 0x70, 0x00, 0x00, 0xD0, 0x00, 0x01, 0x98, 0x00, 0x03, 0x0C, 0x00, 0x06, 0x07, 0x00, 0x1C,
    0x03, 0x80, 0x70, 0x00, 0xE0, 0x00, 0x00, 0x00, 0x3F, 0xFF, 0xC0, 0x00, 0x60, 0x00, 0x00, 0x60,
    0x00, 0x1F, 0xFF, 0x80, 0x18, 0x61, 0x80, 0x18, 0x61, 0x80, 0x18, 0x61, 0x80, 0x1F, 0xFF, 0x80,
    0x18, 0x61, 0x80, 0x18, 0x61, 0x80, 0x18, 0x61, 0x80, 0x7F, 0xFF, 0xE0, 0x18, 0x01, 0x80, 0x18,
    0x01, 0x80, 0x18, 0x01, 0x80, 0x18, 0x01, 0x80, 0x18, 0x0F, 0x80, 0x00, 0x00, 0x00, 0x00, 0x00,
    0x00, 0x03, 0x0C, 0x00, 0x02, 0x04, 0x00, 0x06, 0x06, 0x00, 0x06, 0x02, 0x00, 0x0C, 0x03, 0x00,
    0x18, 0x01, 0x80, 0x18, 0x00, 0xC0, 0x30, 0x00, 0x60, 0x6F, 0xFF, 0x00, 0x00, 0x81, 0x00, 0x01,
    0x81, 0x00, 0x01, 0x81, 0x00, 0x01, 0x01, 0x00, 0x03, 0x03, 0x00, 0x02, 0x03, 0x00, 0x06, 0x03,
    0x00, 0x1C, 0x02, 0x00, 0x70, 0x3E, 0x00, 0x00, 0x00, 0x00, 0x00, 0x00, 0x00, 0x00, 0x00, 0x00,
    0x00, 0x30, 0x00, 0x3E, 0x20, 0x00, 0x22, 0x20, 0x00, 0x22, 0x7F, 0xE0, 0x22, 0x40, 0x00, 0x22,
    0xC0, 0x00, 0x23, 0x80, 0x00, 0x22, 0x7F, 0xC0, 0x22, 0x01, 0x80, 0x22, 0x03, 0x00, 0x22, 0x0C,
    0x00, 0x22, 0x18, 0x00, 0x3E, 0x30, 0x00, 0x20, 0x60, 0x00, 0x20, 0x40, 0x20, 0x00, 0xC0, 0x20,
    0x00, 0xC0, 0x20, 0x00, 0xFF, 0xE0, 0x00, 0x00, 0x00, 0x3F, 0xFF, 0xC0, 0x20, 0x00, 0x40, 0x20,
    0x00, 0x40, 0x20, 0x00, 0x40, 0x20, 0x00, 0x40, 0x23, 0xFC, 0x40, 0x22, 0x0C, 0x40, 0x22, 0x0C,
    0x40, 0x22, 0x0C, 0x40, 0x22, 0x0C, 0x40, 0x22, 0x0C, 0x40, 0x22, 0x0C, 0x40, 0x23, 0xFC, 0x40,
    0x20, 0x00, 0x40, 0x20, 0x00, 0x40, 0x20, 0x00, 0x40, 0x3F, 0xFF, 0xC0, 0x20, 0x00, 0x40, 0x20,
    0x00, 0x40, 0x00, 0x08, 0x00, 0x10, 0x08, 0x00, 0x11, 0xFF, 0xC0, 0x10, 0x08, 0x00, 0x10, 0xC8,
    0xC0, 0x10, 0x48, 0x80, 0x7C, 0x69, 0x00, 0x10, 0x08, 0x00, 0x13, 0xFF, 0xE0, 0x10, 0x00, 0x00,
    0x10, 0xFF, 0xC0, 0x10, 0x80, 0x40, 0x10, 0x80, 0x40, 0x1E, 0xBF, 0x40, 0x78, 0xA3, 0x40, 0x40,
    0xBF, 0x40, 0x00, 0x80, 0x40, 0x00, 0x80, 0x40, 0x00, 0xFF, 0xC0, 0x00, 0x80, 0x40, 0x00, 0x00,
    0x00, 0x08, 0x0C, 0x00, 0x18, 0x08, 0x00, 0x10, 0x18, 0x00, 0x10, 0x11, 0x80, 0x7F, 0x30, 0x80,
    0x13, 0x60, 0x40, 0x33, 0x4F, 0xE0, 0x22, 0xFF, 0x20, 0x22, 0x00, 0x20, 0x22, 0x00, 0x00, 0x66,
    0x7F, 0xC0, 0x34, 0x60, 0x40, 0x0C, 0x60, 0x40, 0x0C, 0x60, 0x40, 0x0E, 0x60, 0x40, 0x1B, 0x60,
    0x40, 0x31, 0x60, 0x40, 0x60, 0x7F, 0xC0, 0x40, 0x60, 0x40, 0x1F, 0xFF, 0x80, 0x10, 0x01, 0x80,
    0x10, 0x01, 0x80, 0x10, 0x01, 0x80, 0x1F, 0xFF, 0x80, 0x10, 0x00, 0x00, 0x10, 0x00, 0x00, 0x1F,
    0xFF, 0xC0, 0x10, 0x00, 0x40, 0x10, 0x00, 0x40, 0x13, 0xFC, 0x40, 0x32, 0x04, 0x40, 0x32, 0x04,
    0x40, 0x22, 0x04, 0xC0, 0x63, 0xFC, 0xC0, 0x42, 0x00, 0xC0, 0x40, 0x07, 0x80, 0x00, 0x00, 0x00,
    0x00, 0x00, 0x00, 0x3F, 0xFF, 0x00, 0x00, 0x01, 0x00, 0x00, 0x01, 0x00, 0x10, 0x01, 0x00, 0x10,
    0x01, 0x00, 0x10, 0x01, 0x00, 0x10, 0x01, 0x00, 0x1F, 0xFF, 0x00, 0x10, 0x01, 0x00, 0x10, 0x00,
    0x00, 0x10, 0x00, 0x00, 0x10, 0x00, 0x00, 0x10, 0x00, 0x20, 0x10, 0x00, 0x60, 0x10, 0x00, 0x60,
    0x18, 0x00, 0xC0, 0x0F, 0xFF, 0x80, 0x00, 0x00, 0x00, 0x00, 0x20, 0x00, 0x00, 0x20, 0x00, 0x00,
    0x30, 0x00, 0x1F, 0xFF, 0xE0, 0x10, 0x82, 0x00, 0x10, 0x82, 0x00, 0x1F, 0xFF, 0xE0, 0x10, 0x82,
    0x00, 0x10, 0x82, 0x00, 0x10, 0x82, 0x00, 0x10, 0xFE, 0x00, 0x30, 0x00, 0x00, 0x30, 0x00, 0x00,
    0x37, 0xFF, 0x80, 0x31, 0x01, 0x00, 0x20, 0xC2, 0x00, 0x20, 0x6C, 0x00, 0x60, 0x7C, 0x00, 0x6F,
    0xC7, 0xE0, 0x08, 0x00, 0x60, 0x3F, 0xFF, 0xC0, 0x02, 0x04, 0x00, 0x02, 0x04, 0x00, 0x02, 0x04,
    0x00, 0x02, 0x04, 0x00, 0x02, 0x04, 0x00, 0x02, 0x04, 0x00, 0x7F, 0xFF, 0xE0, 0x02, 0x04, 0x00,
    0x02, 0x04, 0x00, 0x06, 0x04, 0x00, 0x06, 0x04, 0x00, 0x04, 0x04, 0x00, 0x0C, 0x04, 0x00, 0x18,
    0x04, 0x00, 0x18, 0x04, 0x00, 0x70, 0x04, 0x00, 0x00, 0x04, 0x00, 0x00, 0x00, 0x00, 0x00, 0x00,
    0x00, 0x0C, 0xFF, 0xC0, 0x18, 0xC0, 0xC0, 0x30, 0xC0, 0xC0, 0x60, 0xFF, 0xC0, 0x44, 0xC0, 0xC0,
    0x04, 0xC0, 0xC0, 0x0C, 0xFF, 0xC0, 0x18, 0x00, 0x00, 0x38, 0x00, 0x00, 0x69, 0xFF, 0xE0, 0x48,
    0x01, 0x00, 0x08, 0x01, 0x00, 0x0B, 0xFF, 0xE0, 0x08, 0x01, 0x00, 0x08, 0x41, 0x00, 0x08, 0x21,
    0x00, 0x08, 0x31, 0x00, 0x08, 0x0F, 0x00, 0x00, 0x00, 0x00, 0x18, 0x08, 0x00, 0x18, 0x08, 0x00,
    0x18, 0x08, 0x00, 0x18, 0x08, 0x00, 0x3C, 0xFF, 0xC0, 0x3A, 0x08, 0xC0, 0x5A, 0x08, 0xC0, 0x5A,
    0x08, 0xC0, 0x58, 0x08, 0xC0, 0x58, 0x08, 0xC0, 0x19, 0xFF, 0xE0, 0x18, 0x1C, 0x00, 0x18, 0x14,
    0x00, 0x18, 0x14, 0x00, 0x18, 0x36, 0x00, 0x18, 0x23, 0x00, 0x18, 0x61, 0x80, 0x18, 0xC1, 0xC0,
    0x1B, 0x80, 0x60, 0x18, 0x00, 0x20, 0x18, 0x00, 0x00, 0x18, 0xFF, 0xC0, 0x18, 0x80, 0xC0, 0x18,
    0xFF, 0xC0, 0x3C, 0x80, 0xC0, 0x5A, 0xFF, 0xC0, 0x5A, 0x00, 0x00, 0x59, 0xFF, 0xE0, 0x59, 0x22,
    0x60, 0x59, 0x22, 0x60, 0x19, 0x22, 0x60, 0x19, 0xFF, 0xE0, 0x18, 0x00, 0x00, 0x19, 0xFF, 0xC0,
    0x18, 0xC0, 0x80, 0x18, 0x63, 0x00, 0x18, 0x1E, 0x00, 0x18, 0x3E, 0x00, 0x1B, 0xE3, 0xE0, 0x1A,
    0x00, 0x20, 0x00, 0x1B, 0x00, 0x00, 0x19, 0x80, 0x7F, 0x18, 0xC0, 0x01, 0x18, 0x00, 0x01, 0x18,
    0xE0, 0x21, 0x7F, 0xC0, 0x33, 0x48, 0x00, 0x12, 0x08, 0x40, 0x0A, 0x08, 0xC0, 0x0E, 0x08, 0x80,
    0x04, 0x0D, 0x80, 0x0E, 0x0D, 0x00, 0x0B, 0x06, 0x00, 0x19, 0x06, 0x00, 0x31, 0x8E, 0x20, 0x60,
    0x1A, 0x20, 0x40, 0x33, 0x20, 0x00, 0x61, 0xC0, 0x00, 0x00, 0xC0, 0x00, 0x00, 0x00, 0x00, 0x00,
    0x00, 0x0C, 0x03, 0xC0, 0x7F, 0xDE, 0x00, 0x10, 0x18, 0x00, 0x32, 0x18, 0x00, 0x3F, 0xDF, 0xE0,
    0x02, 0x11, 0x80, 0x02, 0x11, 0x80, 0x1F, 0xD1, 0x80, 0x7A, 0x11, 0x80, 0x02, 0x21, 0x80, 0x00,
    0x00, 0x00, 0x0F, 0xFF, 0x80, 0x08, 0x01, 0x80, 0x08, 0x01, 0x80, 0x0F, 0xFF, 0x80, 0x08, 0x01,
    0x80, 0x08, 0x01, 0x80, 0x0F, 0xFF, 0x80, 0x08, 0x01, 0x80, 0x0F, 0xFF, 0x80, 0x08, 0x01, 0x80,
    0x08, 0x01, 0x80, 0x0F, 0xFF, 0x80, 0x08, 0x01, 0x80, 0x0F, 0xFF, 0x80, 0x00, 0x00, 0x00, 0x00,
    0x00, 0x00, 0x7F, 0xFF, 0xE0, 0x10, 0x80, 0x00, 0x1F, 0xBF, 0xC0, 0x10, 0x90, 0x40, 0x10, 0x88,
    0x80, 0x1F, 0x89, 0x80, 0x10, 0x87, 0x00, 0x11, 0xC6, 0x00, 0x7E, 0x8D, 0x80, 0x00, 0xB8, 0xE0,
    0x00, 0x00, 0x00, 0x00, 0x60, 0x00, 0x00, 0x60, 0x00, 0x00, 0x60, 0x00, 0x00, 0x60, 0x00, 0x00,
    0x60, 0x00, 0x7F, 0xFF, 0xE0, 0x01, 0xF0, 0x00, 0x01, 0x78, 0x00, 0x03, 0x68, 0x00, 0x02, 0x6C,
    0x00, 0x06, 0x66, 0x00, 0x0C, 0x62, 0x00, 0x08, 0x61, 0x00, 0x18, 0x61, 0x80, 0x77, 0xFE, 0xE0,
    0x40, 0x60, 0x20, 0x00, 0x60, 0x00, 0x00, 0x60, 0x00, 0x00, 0x60, 0x00, 0x00, 0x60, 0x00, 0x00,
    0x60, 0x00, 0x00, 0x60, 0x00, 0x3F, 0xFF, 0xE0, 0x00, 0x60, 0x00, 0x00, 0x60, 0x00, 0x00, 0x60,
    0x00, 0x1F, 0xFF, 0x80, 0x10, 0x60, 0x80, 0x10, 0x60, 0x80, 0x10, 0x60, 0x80, 0x1F, 0xFF, 0x80,
    0x00, 0xF0, 0x00, 0x01, 0xF8, 0x00, 0x03, 0x6C, 0x00, 0x06, 0x66, 0x00, 0x1C, 0x63, 0x80, 0x70,
    0x60, 0xE0, 0x20, 0x60, 0x60, 0x00, 0x60, 0x00, 0x00, 0x00, 0x00, 0x00, 0x60, 0x00, 0x00, 0x60,
    0x00, 0x00, 0x60, 0x00, 0x3F, 0xFF, 0xC0, 0x00, 0x60, 0x00, 0x08, 0x61, 0x00, 0x0C, 0x63, 0x00,
    0x04, 0x62, 0x00, 0x06, 0x66, 0x00, 0x00, 0x60, 0x00, 0x7F, 0xFF, 0xE0, 0x00, 0xF0, 0x00, 0x01,
    0xF8, 0x00, 0x03, 0x6C, 0x00, 0x06, 0x66, 0x00, 0x0C, 0x63, 0x00, 0x18, 0x61, 0x80, 0x70, 0x60,
    0xE0, 0x00, 0x60, 0x20, 0x00, 0x60, 0x00, 0x00, 0x40, 0x00, 0x00, 0x40, 0x00, 0x60, 0x40, 0x00,
    0x38, 0xC0, 0x00, 0x0C, 0xFF, 0xE0, 0x00, 0x80, 0x40, 0x01, 0x98, 0x40, 0x01, 0x18, 0xC0, 0x03,
    0x18, 0x80, 0x00, 0x19, 0x80, 0x04, 0x18, 0x00, 0x0C, 0x18, 0x00, 0x08, 0x1C, 0x00, 0x18, 0x34,
    0x00, 0x30, 0x26, 0x00, 0x20, 0x62, 0x00, 0x60, 0xC1, 0x00, 0x01, 0x81, 0xC0, 0x07, 0x00, 0x60,
    0x00, 0x00, 0x00, 0x00, 0x00, 0x00, 0x31, 0x86, 0x00, 0x18, 0xC4, 0x00, 0x08, 0x87, 0xE0, 0x07,
    0xF4, 0x00, 0x01, 0x08, 0x00, 0x41, 0x08, 0x00, 0x71, 0x07, 0xE0, 0x19, 0xF0, 0x40, 0x01, 0x20,
    0x80, 0x01, 0x21, 0x00, 0x01, 0x21, 0x00, 0x19, 0x2F, 0xE0, 0x13, 0x21, 0x00, 0x12, 0x21, 0x00,
    0x32, 0x21, 0x00, 0x26, 0x21, 0x00, 0x24, 0x21, 0x00, 0x2D, 0xE7, 0x00, 0x00, 0x00, 0x00, 0x00,
    0x40, 0x00, 0x00, 0x40, 0x00, 0x00, 0x60, 0x00, 0x3F, 0xFF, 0xC0, 0x20, 0x00, 0x40, 0x23, 0x0C,
    0x40, 0x0E, 0x03, 0x80, 0x10, 0x00, 0x80, 0x1F, 0xFF, 0xC0, 0x00, 0x04, 0x00, 0x08, 0x04, 0x00,
    0x08, 0x04, 0x00, 0x18, 0x04, 0x00, 0x1F, 0xFF, 0xC0, 0x00, 0x34, 0x00, 0x00, 0xC4, 0x00, 0x07,
    0x04, 0x00, 0x78, 0x04, 0x00, 0x00, 0x3C, 0x00, 0x00, 0x00, 0x00, 0x08, 0x04, 0x00, 0x0C, 0x04,
    0x00, 0x08, 0x04, 0x00, 0x18, 0xFF, 0xE0, 0x10, 0x04, 0x00, 0x33, 0x04, 0x00, 0x22, 0x04, 0x00,
    0x7E, 0x04, 0x00, 0x7C, 0x7F, 0xC0, 0x08, 0x00, 0x00, 0x18, 0x00, 0x00, 0x30, 0x00, 0x00, 0x3F,
    0x7F, 0xC0, 0x78, 0x40, 0x40, 0x00, 0x40, 0x40, 0x00, 0x40, 0x40, 0x0F, 0x40, 0x40, 0x7C, 0x40,
    0x40, 0x40, 0x7F, 0xC0, 0x00, 0x40, 0x40, 0x08, 0x00, 0x00, 0x08, 0xC2, 0x00, 0x08, 0xD2, 0x40,
    0x18, 0xD2, 0x40, 0x10, 0xD2, 0x80, 0x33, 0xCA, 0x80, 0x22, 0xC2, 0x00, 0x7C, 0xFF, 0xE0, 0x6C,
    0xC6, 0x00, 0x08, 0xC7, 0x00, 0x10, 0xCA, 0x80, 0x32, 0xCA, 0xC0, 0x7E, 0xD2, 0x40, 0x60, 0xF2,
    0x00, 0x00, 0xC2, 0x00, 0x03, 0xC2, 0x00, 0x3E, 0xC0, 0x00, 0x60, 0xFF, 0xE0, 0x00, 0x00, 0x00,
    0x00, 0x0C, 0x00, 0x0C, 0x0C, 0x00, 0x08, 0x7F, 0xC0, 0x18, 0x0C, 0x00, 0x10, 0x0C, 0x00, 0x12,
    0x0C, 0x00, 0x22, 0xFF, 0xE0, 0x7C, 0x00, 0x40, 0x7C, 0x24, 0x40, 0x08, 0x14, 0x80, 0x10, 0xC4,
    0x00, 0x32, 0x24, 0x00, 0x3C, 0x04, 0x00, 0x60, 0xFF, 0xE0, 0x00, 0x0C, 0x00, 0x06, 0x1A, 0x00,
    0x38, 0x11, 0x80, 0x60, 0x60, 0xC0, 0x01, 0xC0, 0x60, 0x00, 0x00, 0x00, 0x0C, 0x04, 0x00, 0x0C,
    0x04, 0x00, 0x0C, 0x06, 0x00, 0x0C, 0x02, 0x00, 0x7F, 0x7F, 0xE0, 0x69, 0x40, 0x20, 0x69, 0x40,
    0x20, 0x69, 0x10, 0x00, 0x69, 0x10, 0x00, 0x69, 0x10, 0x40, 0x69, 0x11, 0x80, 0x7F, 0x17, 0x00,
    0x6C, 0x1C, 0x00, 0x0D, 0x10, 0x00, 0x0D, 0x10, 0x00, 0x0D, 0x90, 0x20, 0x1F, 0x90, 0x20, 0x78,
    0x90, 0x20, 0x00, 0x1F, 0xE0, 0x00, 0x00, 0x00, 0x00, 0x20, 0x00, 0x00, 0x60, 0x00, 0x01, 0x98,
    0x00, 0x07, 0x4E, 0x00, 0x3C, 0x63, 0xC0, 0x60, 0x20, 0x60, 0x0F, 0xFF, 0x00, 0x00, 0x06, 0x00,
    0x00, 0x04, 0x00, 0x00, 0x0C, 0x00, 0x0F, 0xFF, 0x00, 0x08, 0x01, 0x00, 0x08, 0x61, 0x00, 0x08,
    0x61, 0x00, 0x08, 0x61, 0x00, 0x08, 0xC1, 0x00, 0x01, 0xBC, 0x00, 0x07, 0x07, 0x00, 0x3C, 0x01,
    0xC0, 0x20, 0x00, 0x40, 0x20, 0x03, 0xC0, 0x30, 0xFF, 0x00, 0x18, 0x80, 0x00, 0x08, 0x80, 0x00,
    0x00, 0x80, 0x00, 0x00, 0xFF, 0xC0, 0x00, 0x80, 0x80, 0x78, 0xA1, 0x80, 0x08, 0xB1, 0x00, 0x09,
    0x9B, 0x00, 0x09, 0x8E, 0x00, 0x09, 0x0E, 0x00, 0x0B, 0x1B, 0x00, 0x0A, 0x31, 0x80, 0x0A, 0x60,
    0xC0, 0x3C, 0x00, 0x00, 0x67, 0x00, 0x20, 0x41, 0xFF, 0xE0, 0x00, 0x00, 0x00, 0x00, 0x00, 0x00,
    0x20, 0x08, 0x00, 0x30, 0x08, 0x00, 0x13, 0xFF, 0xE0, 0x08, 0x08, 0x00, 0x08, 0x08, 0x00, 0x01,
    0xFF, 0xC0, 0x01, 0x08, 0x40, 0x79, 0x08, 0x40, 0x09, 0x08, 0x40, 0x09, 0xFF, 0xC0, 0x08, 0x1C,
    0x00, 0x08, 0x2B, 0x00, 0x08, 0x69, 0x80, 0x08, 0xC8, 0xC0, 0x0B, 0x08, 0x40, 0x1C, 0x08, 0x00,
    0x37, 0x00, 0x00, 0x61, 0xFF, 0xE0, 0x00, 0x00, 0x00, 0x00, 0x00, 0x00, 0x7F, 0xFF, 0xE0, 0x00,
    0x40, 0x00, 0x00, 0x40, 0x00, 0x00, 0xC0, 0x00, 0x1F, 0xFF, 0x80, 0x18, 0x01, 0x80, 0x18, 0x61,
    0x80, 0x18, 0x61, 0x80, 0x18, 0x61, 0x80, 0x18, 0x61, 0x80, 0x18, 0x61, 0x80, 0x18, 0x61, 0x80,
    0x18, 0x41, 0x80, 0x00, 0xD8, 0x00, 0x01, 0x86, 0x00, 0x07, 0x03, 0x80, 0x7C, 0x00, 0xC0, 0x00,
    0x00, 0x40, 0x00, 0x00, 0x00, 0x04, 0x02, 0x00, 0x06, 0x06, 0x00, 0x03, 0x04, 0x00, 0x7F, 0xFF,
    0xE0, 0x00, 0x60, 0x00, 0x00, 0x40, 0x00, 0x00, 0x40, 0x00, 0x1F, 0xFF, 0x80, 0x18, 0x01, 0x80,
    0x18, 0x01, 0x80, 0x1F, 0xFF, 0x80, 0x18, 0x01, 0x80, 0x18, 0x01, 0x80, 0x18, 0x01, 0x80, 0x1F,
    0xFF, 0x80, 0x18, 0x01, 0x80, 0x18, 0x01, 0x80, 0x1F, 0xFF, 0x80, 0x18, 0x01, 0x80, 0x18, 0x01,
    0x80, 0x00, 0x00, 0x00, 0x00, 0x60, 0x00, 0x00, 0x60, 0x00, 0x7F, 0xFF, 0xE0, 0x00, 0x00, 0x00,
    0x0F, 0xFF, 0x00, 0x0C, 0x03, 0x00, 0x0C, 0x03, 0x00, 0x0F, 0xFF, 0x00, 0x00, 0x00, 0x00, 0x00,
    0x00, 0x00, 0x3F, 0xFF, 0xC0, 0x20, 0x00, 0x40, 0x23, 0xFC, 0x40, 0x22, 0x04, 0x40, 0x22, 0x04,
    0x40, 0x23, 0xFC, 0x40, 0x22, 0x00, 0x40, 0x20, 0x01, 0xC0, 0x00, 0x00, 0x00, 0x0C, 0x00, 0x00,
    0x0C, 0x00, 0x00, 0x0C, 0x00, 0x00, 0x00, 0x00, 0x00, 0x00, 0x00, 0x00, 0x00, 0x00, 0x00, 0x00,
    0x00, 0x00, 0x00, 0x00, 0x00, 0x00, 0x00, 0x00, 0x00, 0x00, 0x00, 0x0C, 0x00, 0x00, 0x0C, 0x00,
    0x00, 0x0C, 0x00, 0x00,
};

static const lv_font_fmt_txt_glyph_dsc_t cjk20_glyph_dsc[] = {
    { .bitmap_index = 0, .adv_w = 0, .box_w = 0, .box_h = 0, .ofs_x = 0, .ofs_y = 0 },
    { .bitmap_index = 0, .adv_w = 71, .box_w = 4, .box_h = 1, .ofs_x = 0, .ofs_y = 24 },
    { .bitmap_index = 1, .adv_w = 100, .box_w = 6, .box_h = 16, .ofs_x = 0, .ofs_y = 8 },
    { .bitmap_index = 17, .adv_w = 146, .box_w = 9, .box_h = 16, .ofs_x = 0, .ofs_y = 8 },
    { .bitmap_index = 49, .adv_w = 176, .box_w = 11, .box_h = 15, .ofs_x = 0, .ofs_y = 9 },
    { .bitmap_index = 79, .adv_w = 176, .box_w = 11, .box_h = 19, .ofs_x = 0, .ofs_y = 7 },
    { .bitmap_index = 117, .adv_w = 292, .box_w = 18, .box_h = 15, .ofs_x = 0, .ofs_y = 9 },
    { .bitmap_index = 162, .adv_w = 214, .box_w = 14, .box_h = 15, .ofs_x = 0, .ofs_y = 9 },
    { .bitmap_index = 192, .adv_w = 86, .box_w = 5, .box_h = 16, .ofs_x = 0, .ofs_y = 8 },
    { .bitmap_index = 208, .adv_w = 106, .box_w = 7, .box_h = 21, .ofs_x = 0, .ofs_y = 7 },
    { .bitmap_index = 229, .adv_w = 106, .box_w = 7, .box_h = 21, .ofs_x = 0, .ofs_y = 7 },
    { .bitmap_index = 250, .adv_w = 147, .box_w = 9, .box_h = 16, .ofs_x = 0, .ofs_y = 8 },
    { .bitmap_index = 282, .adv_w = 176, .box_w = 11, .box_h = 13, .ofs_x = 0, .ofs_y = 11 },
    { .bitmap_index = 308, .adv_w = 86, .box_w = 5, .box_h = 7, .ofs_x = 0, .ofs_y = 21 },
    { .bitmap_index = 315, .adv_w = 110, .box_w = 7, .box_h = 7, .ofs_x = 0, .ofs_y = 17 },
    { .bitmap_index = 322, .adv_w = 86, .box_w = 5, .box_h = 3, .ofs_x = 0, .ofs_y = 21 },
    { .bitmap_index = 325, .adv_w = 126, .box_w = 8, .box_h = 20, .ofs_x = 0, .ofs_y = 8 },
    { .bitmap_index = 345, .adv_w = 176, .box_w = 11, .box_h = 15, .ofs_x = 0, .ofs_y = 9 },
    { .bitmap_index = 375, .adv_w = 176, .box_w = 11, .box_h = 15, .ofs_x = 0, .ofs_y = 9 },
    { .bitmap_index = 405, .adv_w = 176, .box_w = 11, .box_h = 15, .ofs_x = 0, .ofs_y = 9 },
    { .bitmap_index = 435, .adv_w = 176, .box_w = 11, .box_h = 15, .ofs_x = 0, .ofs_y = 9 },
    { .bitmap_index = 465, .adv_w = 176, .box_w = 11, .box_h = 15, .ofs_x = 0, .ofs_y = 9 },
    { .bitmap_index = 495, .adv_w = 176, .box_w = 11, .box_h = 15, .ofs_x = 0, .ofs_y = 9 },
    { .bitmap_index = 525, .adv_w = 176, .box_w = 11, .box_h = 15, .ofs_x = 0, .ofs_y = 9 },
    { .bitmap_index = 555, .adv_w = 176, .box_w = 11, .box_h = 15, .ofs_x = 0, .ofs_y = 9 },
    { .bitmap_index = 585, .adv_w = 176, .box_w = 11, .box_h = 15, .ofs_x = 0, .ofs_y = 9 },
    { .bitmap_index = 615, .adv_w = 176, .box_w = 11, .box_h = 15, .ofs_x = 0, .ofs_y = 9 },
    { .bitmap_index = 645, .adv_w = 86, .box_w = 5, .box_h = 11, .ofs_x = 0, .ofs_y = 13 },
    { .bitmap_index = 656, .adv_w = 86, .box_w = 5, .box_h = 15, .ofs_x = 0, .ofs_y = 13 },
    { .bitmap_index = 671, .adv_w = 176, .box_w = 11, .box_h = 12, .ofs_x = 0, .ofs_y = 12 },
    { .bitmap_index = 695, .adv_w = 176, .box_w = 11, .box_h = 11, .ofs_x = 0, .ofs_y = 13 },
    { .bitmap_index = 717, .adv_w = 176, .box_w = 11, .box_h = 12, .ofs_x = 0, .ofs_y = 12 },
    { .bitmap_index = 741, .adv_w = 150, .box_w = 9, .box_h = 16, .ofs_x = 0, .ofs_y = 8 },
    { .bitmap_index = 773, .adv_w = 299, .box_w = 19, .box_h = 19, .ofs_x = 0, .ofs_y = 9 },
    { .bitmap_index = 830, .adv_w = 193, .box_w = 12, .box_h = 15, .ofs_x = 0, .ofs_y = 9 },
    { .bitmap_index = 860, .adv_w = 209, .box_w = 13, .box_h = 15, .ofs_x = 0, .ofs_y = 9 },
    { .bitmap_index = 890, .adv_w = 203, .box_w = 13, .box_h = 15, .ofs_x = 0, .ofs_y = 9 },
    { .bitmap_index = 920, .adv_w = 218, .box_w = 14, .box_h = 15, .ofs_x = 0, .ofs_y = 9 },
    { .bitmap_index = 950, .adv_w = 187, .box_w = 12, .box_h = 15, .ofs_x = 0, .ofs_y = 9 },
    { .bitmap_index = 980, .adv_w = 175, .box_w = 11, .box_h = 15, .ofs_x = 0, .ofs_y = 9 },
    { .bitmap_index = 1010, .adv_w = 219, .box_w = 14, .box_h = 15, .ofs_x = 0, .ofs_y = 9 },
    { .bitmap_index = 1040, .adv_w = 231, .box_w = 14, .box_h = 15, .ofs_x = 0, .ofs_y = 9 },
    { .bitmap_index = 1070, .adv_w = 92, .box_w = 6, .box_h = 15, .ofs_x = 0, .ofs_y = 9 },
    { .bitmap_index = 1085, .adv_w = 170, .box_w = 11, .box_h = 15, .ofs_x = 0, .ofs_y = 9 },
    { .bitmap_index = 1115, .adv_w = 204, .box_w = 13, .box_h = 15, .ofs_x = 0, .ofs_y = 9 },
    { .bitmap_index = 1145, .adv_w = 172, .box_w = 11, .box_h = 15, .ofs_x = 0, .ofs_y = 9 },
    { .bitmap_index = 1175, .adv_w = 257, .box_w = 16, .box_h = 15, .ofs_x = 0, .ofs_y = 9 },
    { .bitmap_index = 1205, .adv_w = 230, .box_w = 14, .box_h = 15, .ofs_x = 0, .ofs_y = 9 },
    { .bitmap_index = 1235, .adv_w = 236, .box_w = 15, .box_h = 15, .ofs_x = 0, .ofs_y = 9 },
    { .bitmap_index = 1265, .adv_w = 200, .box_w = 13, .box_h = 15, .ofs_x = 0, .ofs_y = 9 },
    { .bitmap_index = 1295, .adv_w = 236, .box_w = 15, .box_h = 19, .ofs_x = 0, .ofs_y = 9 },
    { .bitmap_index = 1333, .adv_w = 201, .box_w = 13, .box_h = 15, .ofs_x = 0, .ofs_y = 9 },
    { .bitmap_index = 1363, .adv_w = 189, .box_w = 12, .box_h = 15, .ofs_x = 0, .ofs_y = 9 },
    { .bitmap_index = 1393, .adv_w = 190, .box_w = 12, .box_h = 15, .ofs_x = 0, .ofs_y = 9 },
    { .bitmap_index = 1423, .adv_w = 229, .box_w = 14, .box_h = 15, .ofs_x = 0, .ofs_y = 9 },
    { .bitmap_index = 1453, .adv_w = 182, .box_w = 12, .box_h = 15, .ofs_x = 0, .ofs_y = 9 },
    { .bitmap_index = 1483, .adv_w = 279, .box_w = 17, .box_h = 15, .ofs_x = 0, .ofs_y = 9 },
    { .bitmap_index = 1528, .adv_w = 180, .box_w = 11, .box_h = 15, .ofs_x = 0, .ofs_y = 9 },
    { .bitmap_index = 1558, .adv_w = 167, .box_w = 11, .box_h = 15, .ofs_x = 0, .ofs_y = 9 },
    { .bitmap_index = 1588, .adv_w = 192, .box_w = 12, .box_h = 15, .ofs_x = 0, .ofs_y = 9 },
    { .bitmap_index = 1618, .adv_w = 106, .box_w = 7, .box_h = 19, .ofs_x = 0, .ofs_y = 8 },
    { .bitmap_index = 1637, .adv_w = 126, .box_w = 8, .box_h = 20, .ofs_x = 0, .ofs_y = 8 },
    { .bitmap_index = 1657, .adv_w = 106, .box_w = 7, .box_h = 19, .ofs_x = 0, .ofs_y = 8 },
    { .bitmap_index = 1676, .adv_w = 176, .box_w = 11, .box_h = 15, .ofs_x = 0, .ofs_y = 9 },
    { .bitmap_index = 1706, .adv_w = 178, .box_w = 11, .box_h = 3, .ofs_x = 0, .ofs_y = 24 },
    { .bitmap_index = 1712, .adv_w = 193, .box_w = 12, .box_h = 18, .ofs_x = 0, .ofs_y = 6 },
    { .bitmap_index = 1748, .adv_w = 178, .box_w = 11, .box_h = 11, .ofs_x = 0, .ofs_y = 13 },
    { .bitmap_index = 1770, .adv_w = 196, .box_w = 12, .box_h = 16, .ofs_x = 0, .ofs_y = 8 },
    { .bitmap_index = 1802, .adv_w = 162, .box_w = 10, .box_h = 11, .ofs_x = 0, .ofs_y = 13 },
    { .bitmap_index = 1824, .adv_w = 197, .box_w = 12, .box_h = 16, .ofs_x = 0, .ofs_y = 8 },
    { .bitmap_index = 1856, .adv_w = 176, .box_w = 11, .box_h = 11, .ofs_x = 0, .ofs_y = 13 },
    { .bitmap_index = 1878, .adv_w = 102, .box_w = 7, .box_h = 17, .ofs_x = 0, .ofs_y = 7 },
    { .bitmap_index = 1895, .adv_w = 178, .box_w = 11, .box_h = 16, .ofs_x = 0, .ofs_y = 13 },
    { .bitmap_index = 1927, .adv_w = 193, .box_w = 12, .box_h = 16, .ofs_x = 0, .ofs_y = 8 },
    { .bitmap_index = 1959, .adv_w = 86, .box_w = 5, .box_h = 16, .ofs_x = 0, .ofs_y = 8 },
    { .bitmap_index = 1975, .adv_w = 86, .box_w = 6, .box_h = 21, .ofs_x = -1, .ofs_y = 8 },
    { .bitmap_index = 1996, .adv_w = 174, .box_w = 11, .box_h = 17, .ofs_x = 0, .ofs_y = 7 },
    { .bitmap_index = 2030, .adv_w = 89, .box_w = 6, .box_h = 17, .ofs_x = 0, .ofs_y = 7 },
    { .bitmap_index = 2047, .adv_w = 294, .box_w = 18, .box_h = 11, .ofs_x = 0, .ofs_y = 13 },
    { .bitmap_index = 2080, .adv_w = 194, .box_w = 12, .box_h = 11, .ofs_x = 0, .ofs_y = 13 },
    { .bitmap_index = 2102, .adv_w = 193, .box_w = 12, .box_h = 11, .ofs_x = 0, .ofs_y = 13 },
    { .bitmap_index = 2124, .adv_w = 197, .box_w = 12, .box_h = 16, .ofs_x = 0, .ofs_y = 13 },
    { .bitmap_index = 2156, .adv_w = 197, .box_w = 12, .box_h = 16, .ofs_x = 0, .ofs_y = 13 },
    { .bitmap_index = 2188, .adv_w = 121, .box_w = 8, .box_h = 11, .ofs_x = 0, .ofs_y = 13 },
    { .bitmap_index = 2199, .adv_w = 148, .box_w = 9, .box_h = 11, .ofs_x = 0, .ofs_y = 13 },
    { .bitmap_index = 2221, .adv_w = 118, .box_w = 8, .box_h = 15, .ofs_x = 0, .ofs_y = 9 },
    { .bitmap_index = 2236, .adv_w = 193, .box_w = 12, .box_h = 11, .ofs_x = 0, .ofs_y = 13 },
    { .bitmap_index = 2258, .adv_w = 164, .box_w = 10, .box_h = 11, .ofs_x = 0, .ofs_y = 13 },
    { .bitmap_index = 2280, .adv_w = 254, .box_w = 16, .box_h = 11, .ofs_x = 0, .ofs_y = 13 },
    { .bitmap_index = 2302, .adv_w = 156, .box_w = 10, .box_h = 11, .ofs_x = 0, .ofs_y = 13 },
    { .bitmap_index = 2324, .adv_w = 164, .box_w = 10, .box_h = 16, .ofs_x = 0, .ofs_y = 13 },
    { .bitmap_index = 2356, .adv_w = 150, .box_w = 9, .box_h = 11, .ofs_x = 0, .ofs_y = 13 },
    { .bitmap_index = 2378, .adv_w = 106, .box_w = 7, .box_h = 19, .ofs_x = 0, .ofs_y = 8 },
    { .bitmap_index = 2397, .adv_w = 85, .box_w = 5, .box_h = 23, .ofs_x = 0, .ofs_y = 7 },
    { .bitmap_index = 2420, .adv_w = 106, .box_w = 7, .box_h = 19, .ofs_x = 0, .ofs_y = 8 },
    { .bitmap_index = 2439, .adv_w = 176, .box_w = 11, .box_h = 9, .ofs_x = 0, .ofs_y = 15 },
    { .bitmap_index = 2457, .adv_w = 320, .box_w = 20, .box_h = 9, .ofs_x = 0, .ofs_y = 15 },
    { .bitmap_index = 2484, .adv_w = 320, .box_w = 20, .box_h = 20, .ofs_x = 0, .ofs_y = 6 },
    { .bitmap_index = 2544, .adv_w = 320, .box_w = 20, .box_h = 20, .ofs_x = 0, .ofs_y = 6 },
    { .bitmap_index = 2604, .adv_w = 320, .box_w = 20, .box_h = 20, .ofs_x = 0, .ofs_y = 6 },
    { .bitmap_index = 2664, .adv_w = 320, .box_w = 20, .box_h = 19, .ofs_x = 0, .ofs_y = 7 },
    { .bitmap_index = 2721, .adv_w = 320, .box_w = 20, .box_h = 20, .ofs_x = 0, .ofs_y = 6 },
    { .bitmap_index = 2781, .adv_w = 320, .box_w = 20, .box_h = 20, .ofs_x = 0, .ofs_y = 6 },
    { .bitmap_index = 2841, .adv_w = 320, .box_w = 20, .box_h = 19, .ofs_x = 0, .ofs_y = 7 },
    { .bitmap_index = 2898, .adv_w = 320, .box_w = 20, .box_h = 20, .ofs_x = 0, .ofs_y = 6 },
    { .bitmap_index = 2958, .adv_w = 320, .box_w = 20, .box_h = 20, .ofs_x = 0, .ofs_y = 6 },
    { .bitmap_index = 3018, .adv_w = 320, .box_w = 20, .box_h = 19, .ofs_x = 0, .ofs_y = 7 },
    { .bitmap_index = 3075, .adv_w = 320, .box_w = 20, .box_h = 18, .ofs_x = 0, .ofs_y = 7 },
    { .bitmap_index = 3129, .adv_w = 320, .box_w = 20, .box_h = 20, .ofs_x = 0, .ofs_y = 6 },
    { .bitmap_index = 3189, .adv_w = 320, .box_w = 20, .box_h = 19, .ofs_x = 0, .ofs_y = 7 },
    { .bitmap_index = 3246, .adv_w = 320, .box_w = 20, .box_h = 20, .ofs_x = 0, .ofs_y = 6 },
    { .bitmap_index = 3306, .adv_w = 320, .box_w = 20, .box_h = 20, .ofs_x = 0, .ofs_y = 6 },
    { .bitmap_index = 3366, .adv_w = 320, .box_w = 20, .box_h = 20, .ofs_x = 0, .ofs_y = 6 },
    { .bitmap_index = 3426, .adv_w = 320, .box_w = 20, .box_h = 20, .ofs_x = 0, .ofs_y = 6 },
    { .bitmap_index = 3486, .adv_w = 320, .box_w = 20, .box_h = 20, .ofs_x = 0, .ofs_y = 6 },
    { .bitmap_index = 3546, .adv_w = 320, .box_w = 20, .box_h = 19, .ofs_x = 0, .ofs_y = 7 },
    { .bitmap_index = 3603, .adv_w = 320, .box_w = 20, .box_h = 20, .ofs_x = 0, .ofs_y = 6 },
    { .bitmap_index = 3663, .adv_w = 320, .box_w = 20, .box_h = 20, .ofs_x = 0, .ofs_y = 6 },
    { .bitmap_index = 3723, .adv_w = 320, .box_w = 20, .box_h = 20, .ofs_x = 0, .ofs_y = 6 },
    { .bitmap_index = 3783, .adv_w = 320, .box_w = 20, .box_h = 20, .ofs_x = 0, .ofs_y = 6 },
    { .bitmap_index = 3843, .adv_w = 320, .box_w = 20, .box_h = 20, .ofs_x = 0, .ofs_y = 6 },
    { .bitmap_index = 3903, .adv_w = 320, .box_w = 20, .box_h = 20, .ofs_x = 0, .ofs_y = 6 },
    { .bitmap_index = 3963, .adv_w = 320, .box_w = 20, .box_h = 20, .ofs_x = 0, .ofs_y = 6 },
    { .bitmap_index = 4023, .adv_w = 320, .box_w = 20, .box_h = 19, .ofs_x = 0, .ofs_y = 6 },
    { .bitmap_index = 4080, .adv_w = 320, .box_w = 20, .box_h = 20, .ofs_x = 0, .ofs_y = 6 },
    { .bitmap_index = 4140, .adv_w = 320, .box_w = 20, .box_h = 20, .ofs_x = 0, .ofs_y = 6 },
    { .bitmap_index = 4200, .adv_w = 320, .box_w = 20, .box_h = 20, .ofs_x = 0, .ofs_y = 6 },
    { .bitmap_index = 4260, .adv_w = 320, .box_w = 20, .box_h = 20, .ofs_x = 0, .ofs_y = 6 },
    { .bitmap_index = 4320, .adv_w = 320, .box_w = 20, .box_h = 20, .ofs_x = 0, .ofs_y = 6 },
    { .bitmap_index = 4380, .adv_w = 320, .box_w = 20, .box_h = 19, .ofs_x = 0, .ofs_y = 7 },
    { .bitmap_index = 4437, .adv_w = 320, .box_w = 20, .box_h = 20, .ofs_x = 0, .ofs_y = 6 },
    { .bitmap_index = 4497, .adv_w = 320, .box_w = 20, .box_h = 20, .ofs_x = 0, .ofs_y = 6 },
    { .bitmap_index = 4557, .adv_w = 320, .box_w = 20, .box_h = 13, .ofs_x = 0, .ofs_y = 11 },
};

static const uint16_t cjk20_unicode_list[] = {
    0, 1, 2, 3, 4, 5, 6, 7, 8, 9, 10, 11, 12, 13, 14, 15,
    16, 17, 18, 19, 20, 21, 22, 23, 24, 25, 26, 27, 28, 29, 30, 31,
    32, 33, 34, 35, 36, 37, 38, 39, 40, 41, 42, 43, 44, 45, 46, 47,
    48, 49, 50, 51, 52, 53, 54, 55, 56, 57, 58, 59, 60, 61, 62, 63,
    64, 65, 66, 67, 68, 69, 70, 71, 72, 73, 74, 75, 76, 77, 78, 79,
    80, 81, 82, 83, 84, 85, 86, 87, 88, 89, 90, 91, 92, 93, 94, 19936,
    19981, 20540, 20819, 20845, 20966, 21475, 22206, 22649, 22955, 23584, 24018, 24198, 24288, 24439, 24523, 24898,
    25071, 26210, 26336, 26380, 26431, 26437, 27393, 28184, 31327, 32435, 32455, 32461, 34471, 36106, 36788, 36863,
    38997, 39286, 39608, 65274,
};

static const lv_font_fmt_txt_cmap_t cjk20_cmaps[] = {
    { .range_start = 32, .range_length = 65275, .glyph_id_start = 1, .unicode_list = cjk20_unicode_list, .glyph_id_ofs_list = NULL, .list_length = 132, .type = LV_FONT_FMT_TXT_CMAP_SPARSE_TINY },
};

static const lv_font_fmt_txt_dsc_t cjk20_font_dsc = {
    .glyph_bitmap = cjk20_glyph_bitmap, .glyph_dsc = cjk20_glyph_dsc, .cmaps = cjk20_cmaps,
    .kern_dsc = NULL, .kern_scale = 16, .cmap_num = 1, .bpp = 1,
    .kern_classes = 0, .bitmap_format = LV_FONT_FMT_TXT_PLAIN, .stride = 1,
};

const lv_font_t lv_font_cjk_20 = {
    .get_glyph_dsc = lv_font_get_glyph_dsc_fmt_txt,
    .get_glyph_bitmap = lv_font_get_bitmap_fmt_txt,
    .line_height = 30, .base_line = 6,
    .subpx = LV_FONT_SUBPX_NONE, .underline_position = -1, .underline_thickness = 1,
    .dsc = &cjk20_font_dsc
};

/* 本地 Source Han Sans SC 子集字体 28px，使用 LVGL v9 fmt_txt，未经缩放。 */
#include "lvgl.h"

static LV_ATTRIBUTE_MEM_ALIGN const uint8_t cjk28_glyph_bitmap[] = {
    0x00, 0x1C, 0x00, 0x1C, 0x00, 0x18, 0x00, 0x18, 0x00, 0x18, 0x00, 0x18, 0x00, 0x18, 0x00, 0x18,
    0x00, 0x18, 0x00, 0x18, 0x00, 0x18, 0x00, 0x08, 0x00, 0x08, 0x00, 0x08, 0x00, 0x08, 0x00, 0x00,
    0x00, 0x00, 0x00, 0x08, 0x00, 0x1C, 0x00, 0x1C, 0x00, 0x1C, 0x00, 0x00, 0x00, 0x18, 0xC0, 0x18,
    0xC0, 0x18, 0xC0, 0x18, 0xC0, 0x18, 0xC0, 0x18, 0xC0, 0x18, 0xC0, 0x18, 0xC0, 0x00, 0x00, 0x00,
    0x00, 0x00, 0x00, 0x00, 0x00, 0x00, 0x00, 0x00, 0x00, 0x00, 0x00, 0x00, 0x00, 0x00, 0x00, 0x00,
    0x00, 0x00, 0x00, 0x00, 0x00, 0x00, 0x00, 0x00, 0x00, 0x06, 0x18, 0x06, 0x10, 0x04, 0x10, 0x04,
    0x10, 0x04, 0x30, 0x3F, 0xFC, 0x3F, 0xFC, 0x0C, 0x30, 0x0C, 0x30, 0x0C, 0x20, 0x08, 0x20, 0x08,
    0x20, 0x7F, 0xFC, 0x7F, 0xFC, 0x18, 0x60, 0x18, 0x60, 0x18, 0x60, 0x18, 0x40, 0x18, 0x40, 0x10,
    0x40, 0x00, 0x00, 0x01, 0x80, 0x01, 0x80, 0x01, 0x80, 0x03, 0xC0, 0x0F, 0xF0, 0x1C, 0x38, 0x18,
    0x10, 0x18, 0x00, 0x38, 0x00, 0x18, 0x00, 0x1C, 0x00, 0x0E, 0x00, 0x07, 0x80, 0x03, 0xE0, 0x00,
    0xF0, 0x00, 0x38, 0x00, 0x18, 0x00, 0x18, 0x00, 0x18, 0x00, 0x18, 0x20, 0x18, 0x38, 0x38, 0x1F,
    0xF0, 0x07, 0xC0, 0x01, 0x80, 0x01, 0x80, 0x01, 0x80, 0x0F, 0x00, 0x60, 0x00, 0x3B, 0x80, 0x40,
    0x00, 0x30, 0xC0, 0xC0, 0x00, 0x60, 0xC0, 0x80, 0x00, 0x60, 0xC1, 0x80, 0x00, 0x60, 0xC1, 0x00,
    0x00, 0x60, 0xC3, 0x00, 0x00, 0x60, 0xC2, 0x00, 0x00, 0x60, 0xC6, 0x3C, 0x00, 0x20, 0xCC, 0x7E,
    0x00, 0x31, 0x8C, 0xC3, 0x00, 0x1B, 0x98, 0xC3, 0x00, 0x0F, 0x11, 0x83, 0x00, 0x00, 0x31, 0x81,
    0x00, 0x00, 0x21, 0x81, 0x00, 0x00, 0x61, 0x81, 0x00, 0x00, 0x41, 0x81, 0x00, 0x00, 0xC0, 0x83,
    0x00, 0x00, 0x80, 0xC3, 0x00, 0x01, 0x80, 0x6E, 0x00, 0x01, 0x00, 0x3C, 0x00, 0x03, 0xC0, 0x00,
    0x07, 0xE0, 0x00, 0x0C, 0x30, 0x00, 0x0C, 0x30, 0x00, 0x0C, 0x30, 0x00, 0x0C, 0x30, 0x00, 0x0C,
    0x60, 0x00, 0x0C, 0xE0, 0x00, 0x07, 0xC0, 0x00, 0x07, 0x00, 0x00, 0x0F, 0x00, 0xC0, 0x1F, 0x81,
    0x80, 0x31, 0x81, 0x80, 0x70, 0xC3, 0x80, 0x60, 0x63, 0x00, 0x60, 0x77, 0x00, 0x60, 0x3E, 0x00,
    0x70, 0x1E, 0x00, 0x38, 0x3F, 0x80, 0x1F, 0xF3, 0xC0, 0x07, 0xC0, 0xC0, 0x18, 0x18, 0x18, 0x18,
    0x18, 0x18, 0x18, 0x18, 0x00, 0x00, 0x00, 0x00, 0x00, 0x00, 0x00, 0x00, 0x00, 0x00, 0x00, 0x00,
    0x00, 0x00, 0x03, 0x00, 0x03, 0x00, 0x06, 0x00, 0x06, 0x00, 0x0C, 0x00, 0x0C, 0x00, 0x0C, 0x00,
    0x18, 0x00, 0x18, 0x00, 0x18, 0x00, 0x18, 0x00, 0x18, 0x00, 0x18, 0x00, 0x18, 0x00, 0x18, 0x00,
    0x18, 0x00, 0x18, 0x00, 0x18, 0x00, 0x18, 0x00, 0x18, 0x00, 0x18, 0x00, 0x08, 0x00, 0x0C, 0x00,
    0x0C, 0x00, 0x04, 0x00, 0x06, 0x00, 0x02, 0x00, 0x03, 0x00, 0x00, 0x00, 0x60, 0x00, 0x20, 0x00,
    0x30, 0x00, 0x10, 0x00, 0x18, 0x00, 0x18, 0x00, 0x0C, 0x00, 0x0C, 0x00, 0x0C, 0x00, 0x0C, 0x00,
    0x0C, 0x00, 0x04, 0x00, 0x06, 0x00, 0x06, 0x00, 0x06, 0x00, 0x06, 0x00, 0x06, 0x00, 0x04, 0x00,
    0x0C, 0x00, 0x0C, 0x00, 0x0C, 0x00, 0x0C, 0x00, 0x18, 0x00, 0x18, 0x00, 0x18, 0x00, 0x30, 0x00,
    0x30, 0x00, 0x60, 0x00, 0x00, 0x00, 0x02, 0x00, 0x02, 0x00, 0x02, 0x00, 0x3F, 0xE0, 0x1F, 0x80,
    0x07, 0x00, 0x0D, 0x80, 0x18, 0x80, 0x08, 0x80, 0x00, 0x00, 0x00, 0x00, 0x00, 0x00, 0x00, 0x00,
    0x00, 0x00, 0x00, 0x00, 0x00, 0x00, 0x00, 0x00, 0x00, 0x00, 0x00, 0x00, 0x00, 0x00, 0x00, 0x00,
    0x00, 0x00, 0x01, 0x80, 0x01, 0x80, 0x01, 0x80, 0x01, 0x80, 0x01, 0x80, 0x01, 0x80, 0x7F, 0xFC,
    0x7F, 0xFC, 0x01, 0x80, 0x01, 0x80, 0x01, 0x80, 0x01, 0x80, 0x01, 0x80, 0x01, 0x80, 0x00, 0x00,
    0x00, 0x00, 0x00, 0x00, 0x00, 0x00, 0x38, 0x3C, 0x1C, 0x0C, 0x0C, 0x18, 0x30, 0x20, 0x00, 0x00,
    0x7F, 0x00, 0x7F, 0x00, 0x00, 0x00, 0x00, 0x00, 0x00, 0x00, 0x00, 0x00, 0x00, 0x00, 0x00, 0x00,
    0x00, 0x00, 0x10, 0x38, 0x38, 0x18, 0x00, 0x40, 0x00, 0xC0, 0x00, 0xC0, 0x00, 0x80, 0x01, 0x80,
    0x01, 0x80, 0x01, 0x80, 0x01, 0x00, 0x03, 0x00, 0x03, 0x00, 0x02, 0x00, 0x06, 0x00, 0x06, 0x00,
    0x04, 0x00, 0x0C, 0x00, 0x0C, 0x00, 0x08, 0x00, 0x18, 0x00, 0x18, 0x00, 0x10, 0x00, 0x30, 0x00,
    0x30, 0x00, 0x20, 0x00, 0x60, 0x00, 0x60, 0x00, 0x40, 0x00, 0xC0, 0x00, 0x00, 0x00, 0x07, 0xC0,
    0x0F, 0xE0, 0x1C, 0x70, 0x18, 0x38, 0x30, 0x18, 0x30, 0x18, 0x30, 0x1C, 0x30, 0x0C, 0x70, 0x0C,
    0x70, 0x0C, 0x70, 0x0C, 0x70, 0x0C, 0x70, 0x0C, 0x30, 0x0C, 0x30, 0x1C, 0x30, 0x18, 0x30, 0x18,
    0x18, 0x38, 0x1C, 0x70, 0x0F, 0xE0, 0x07, 0xC0, 0x01, 0x80, 0x1F, 0x80, 0x1F, 0x80, 0x01, 0x80,
    0x01, 0x80, 0x01, 0x80, 0x01, 0x80, 0x01, 0x80, 0x01, 0x80, 0x01, 0x80, 0x01, 0x80, 0x01, 0x80,
    0x01, 0x80, 0x01, 0x80, 0x01, 0x80, 0x01, 0x80, 0x01, 0x80, 0x01, 0x80, 0x01, 0x80, 0x1F, 0xFC,
    0x1F, 0xFC, 0x0F, 0xC0, 0x1F, 0xE0, 0x38, 0x70, 0x20, 0x38, 0x00, 0x38, 0x00, 0x18, 0x00, 0x18,
    0x00, 0x18, 0x00, 0x38, 0x00, 0x30, 0x00, 0x70, 0x00, 0x60, 0x00, 0xE0, 0x01, 0xC0, 0x03, 0x80,
    0x03, 0x00, 0x06, 0x00, 0x0C, 0x00, 0x38, 0x00, 0x7F, 0xFC, 0x7F, 0xFC, 0x0F, 0xC0, 0x1F, 0xF0,
    0x38, 0x70, 0x00, 0x38, 0x00, 0x18, 0x00, 0x18, 0x00, 0x18, 0x00, 0x30, 0x00, 0x70, 0x07, 0xC0,
    0x07, 0xE0, 0x00, 0x70, 0x00, 0x38, 0x00, 0x18, 0x00, 0x1C, 0x00, 0x1C, 0x00, 0x1C, 0x60, 0x18,
    0x70, 0x38, 0x3F, 0xF0, 0x0F, 0xC0, 0x00, 0x70, 0x00, 0xF0, 0x00, 0xF0, 0x01, 0xB0, 0x03, 0xB0,
    0x03, 0x30, 0x06, 0x30, 0x0E, 0x30, 0x0C, 0x30, 0x18, 0x30, 0x38, 0x30, 0x30, 0x30, 0x60, 0x30,
    0x7F, 0xFC, 0x7F, 0xFC, 0x00, 0x30, 0x00, 0x30, 0x00, 0x30, 0x00, 0x30, 0x00, 0x30, 0x00, 0x30,
    0x1F, 0xF8, 0x1F, 0xF8, 0x18, 0x00, 0x18, 0x00, 0x18, 0x00, 0x18, 0x00, 0x18, 0x00, 0x1B, 0xC0,
    0x3F, 0xF0, 0x38, 0x78, 0x00, 0x38, 0x00, 0x1C, 0x00, 0x1C, 0x00, 0x0C, 0x00, 0x0C, 0x00, 0x1C,
    0x00, 0x18, 0x60, 0x38, 0x70, 0x70, 0x3F, 0xE0, 0x0F, 0xC0, 0x03, 0xF0, 0x07, 0xF8, 0x0E, 0x18,
    0x1C, 0x00, 0x18, 0x00, 0x38, 0x00, 0x30, 0x00, 0x30, 0x00, 0x33, 0xE0, 0x37, 0xF0, 0x3C, 0x38,
    0x38, 0x1C, 0x30, 0x0C, 0x30, 0x0C, 0x30, 0x0C, 0x30, 0x0C, 0x38, 0x0C, 0x18, 0x18, 0x0C, 0x38,
    0x0F, 0xF0, 0x03, 0xE0, 0x7F, 0xFC, 0x7F, 0xFC, 0x00, 0x18, 0x00, 0x38, 0x00, 0x30, 0x00, 0x60,
    0x00, 0x60, 0x00, 0xC0, 0x00, 0xC0, 0x01, 0xC0, 0x01, 0x80, 0x01, 0x80, 0x01, 0x80, 0x03, 0x80,
    0x03, 0x80, 0x03, 0x00, 0x03, 0x00, 0x03, 0x00, 0x03, 0x00, 0x03, 0x00, 0x03, 0x00, 0x07, 0xC0,
    0x0F, 0xF0, 0x1C, 0x38, 0x38, 0x18, 0x30, 0x18, 0x30, 0x18, 0x38, 0x18, 0x18, 0x18, 0x0E, 0x30,
    0x07, 0xF0, 0x0F, 0xE0, 0x18, 0xF0, 0x30, 0x38, 0x30, 0x1C, 0x60, 0x0C, 0x60, 0x0C, 0x70, 0x0C,
    0x30, 0x1C, 0x38, 0x38, 0x1F, 0xF0, 0x07, 0xE0, 0x07, 0x80, 0x1F, 0xE0, 0x38, 0x70, 0x30, 0x38,
    0x70, 0x18, 0x60, 0x18, 0x60, 0x1C, 0x60, 0x0C, 0x70, 0x0C, 0x30, 0x1C, 0x38, 0x3C, 0x1F, 0xEC,
    0x0F, 0x9C, 0x00, 0x1C, 0x00, 0x18, 0x00, 0x18, 0x00, 0x38, 0x00, 0x30, 0x30, 0x70, 0x3F, 0xE0,
    0x0F, 0x80, 0x18, 0x38, 0x38, 0x10, 0x00, 0x00, 0x00, 0x00, 0x00, 0x00, 0x00, 0x10, 0x38, 0x38,
    0x18, 0x10, 0x38, 0x38, 0x38, 0x00, 0x00, 0x00, 0x00, 0x00, 0x00, 0x00, 0x00, 0x38, 0x3C, 0x1C,
    0x0C, 0x0C, 0x18, 0x30, 0x20, 0x00, 0x00, 0x0C, 0x00, 0x3C, 0x01, 0xF0, 0x07, 0x80, 0x3E, 0x00,
    0x70, 0x00, 0x78, 0x00, 0x1F, 0x00, 0x07, 0xC0, 0x00, 0xF8, 0x00, 0x1C, 0x00, 0x04, 0x00, 0x00,
    0x00, 0x00, 0x00, 0x00, 0x00, 0x00, 0x00, 0x00, 0x7F, 0xFC, 0x7F, 0xFC, 0x00, 0x00, 0x00, 0x00,
    0x00, 0x00, 0x00, 0x00, 0x00, 0x00, 0x7F, 0xFC, 0x7F, 0xFC, 0x00, 0x00, 0x00, 0x00, 0x00, 0x00,
    0x00, 0x00, 0x00, 0x00, 0x00, 0x00, 0x60, 0x00, 0x7C, 0x00, 0x1F, 0x00, 0x03, 0xE0, 0x00, 0x78,
    0x00, 0x1C, 0x00, 0x3C, 0x00, 0xF8, 0x07, 0xC0, 0x3E, 0x00, 0x78, 0x00, 0x40, 0x00, 0x00, 0x00,
    0x00, 0x00, 0x00, 0x00, 0x00, 0x00, 0x00, 0x00, 0x0F, 0x80, 0x3F, 0xC0, 0x70, 0xE0, 0x20, 0x60,
    0x00, 0x70, 0x00, 0x70, 0x00, 0x60, 0x00, 0x60, 0x00, 0xC0, 0x01, 0xC0, 0x03, 0x80, 0x03, 0x00,
    0x07, 0x00, 0x06, 0x00, 0x06, 0x00, 0x06, 0x00, 0x00, 0x00, 0x00, 0x00, 0x06, 0x00, 0x0F, 0x00,
    0x0F, 0x00, 0x06, 0x00, 0x00, 0x1F, 0xC0, 0x00, 0x00, 0xFF, 0xF0, 0x00, 0x01, 0xC0, 0x1C, 0x00,
    0x03, 0x00, 0x0C, 0x00, 0x06, 0x00, 0x06, 0x00, 0x0C, 0x00, 0x03, 0x00, 0x18, 0x0E, 0x03, 0x00,
    0x18, 0x3F, 0xC1, 0x00, 0x30, 0x71, 0xC1, 0x00, 0x30, 0x60, 0xC1, 0x80, 0x30, 0xC0, 0x81, 0x80,
    0x20, 0xC1, 0x81, 0x00, 0x20, 0xC1, 0x81, 0x00, 0x20, 0xC1, 0x83, 0x00, 0x20, 0xC1, 0x83, 0x00,
    0x20, 0xC3, 0x86, 0x00, 0x30, 0xFF, 0x8E, 0x00, 0x30, 0x38, 0xFC, 0x00, 0x30, 0x00, 0x20, 0x00,
    0x18, 0x00, 0x00, 0x00, 0x1C, 0x00, 0x00, 0x00, 0x0E, 0x00, 0x00, 0x00, 0x03, 0x80, 0xC0, 0x00,
    0x01, 0xFF, 0x80, 0x00, 0x00, 0x1C, 0x00, 0x00, 0x01, 0xC0, 0x00, 0x01, 0xC0, 0x00, 0x03, 0x60,
    0x00, 0x03, 0x60, 0x00, 0x03, 0x60, 0x00, 0x06, 0x70, 0x00, 0x06, 0x30, 0x00, 0x06, 0x30, 0x00,
    0x0C, 0x38, 0x00, 0x0C, 0x18, 0x00, 0x0C, 0x18, 0x00, 0x18, 0x1C, 0x00, 0x1F, 0xFC, 0x00, 0x1F,
    0xFC, 0x00, 0x30, 0x0E, 0x00, 0x30, 0x06, 0x00, 0x30, 0x06, 0x00, 0x60, 0x07, 0x00, 0x60, 0x03,
    0x00, 0x60, 0x03, 0x00, 0xE0, 0x03, 0x80, 0x1F, 0xF0, 0x00, 0x1F, 0xFC, 0x00, 0x18, 0x0E, 0x00,
    0x18, 0x07, 0x00, 0x18, 0x07, 0x00, 0x18, 0x07, 0x00, 0x18, 0x07, 0x00, 0x18, 0x06, 0x00, 0x18,
    0x1E, 0x00, 0x1F, 0xF8, 0x00, 0x1F, 0xFE, 0x00, 0x18, 0x07, 0x00, 0x18, 0x03, 0x00, 0x18, 0x03,
    0x80, 0x18, 0x01, 0x80, 0x18, 0x01, 0x80, 0x18, 0x03, 0x80, 0x18, 0x03, 0x00, 0x18, 0x0F, 0x00,
    0x1F, 0xFE, 0x00, 0x1F, 0xF8, 0x00, 0x00, 0xF8, 0x00, 0x03, 0xFE, 0x00, 0x0F, 0x07, 0x00, 0x0E,
    0x02, 0x00, 0x1C, 0x00, 0x00, 0x18, 0x00, 0x00, 0x38, 0x00, 0x00, 0x30, 0x00, 0x00, 0x30, 0x00,
    0x00, 0x30, 0x00, 0x00, 0x30, 0x00, 0x00, 0x30, 0x00, 0x00, 0x30, 0x00, 0x00, 0x30, 0x00, 0x00,
    0x38, 0x00, 0x00, 0x18, 0x00, 0x00, 0x1C, 0x00, 0x00, 0x0E, 0x03, 0x00, 0x0F, 0x07, 0x00, 0x03,
    0xFE, 0x00, 0x00, 0xF8, 0x00, 0x1F, 0xE0, 0x00, 0x1F, 0xFC, 0x00, 0x18, 0x1E, 0x00, 0x18, 0x07,
    0x00, 0x18, 0x03, 0x00, 0x18, 0x03, 0x80, 0x18, 0x01, 0x80, 0x18, 0x01, 0x80, 0x18, 0x01, 0x80,
    0x18, 0x01, 0x80, 0x18, 0x01, 0x80, 0x18, 0x01, 0x80, 0x18, 0x01, 0x80, 0x18, 0x01, 0x80, 0x18,
    0x03, 0x80, 0x18, 0x03, 0x80, 0x18, 0x07, 0x00, 0x18, 0x0F, 0x00, 0x18, 0x1E, 0x00, 0x1F, 0xFC,
    0x00, 0x1F, 0xF0, 0x00, 0x1F, 0xFE, 0x1F, 0xFE, 0x18, 0x00, 0x18, 0x00, 0x18, 0x00, 0x18, 0x00,
    0x18, 0x00, 0x18, 0x00, 0x18, 0x00, 0x1F, 0xF8, 0x1F, 0xF8, 0x18, 0x00, 0x18, 0x00, 0x18, 0x00,
    0x18, 0x00, 0x18, 0x00, 0x18, 0x00, 0x18, 0x00, 0x18, 0x00, 0x1F, 0xFE, 0x1F, 0xFE, 0x1F, 0xFE,
    0x1F, 0xFE, 0x18, 0x00, 0x18, 0x00, 0x18, 0x00, 0x18, 0x00, 0x18, 0x00, 0x18, 0x00, 0x18, 0x00,
    0x1F, 0xF8, 0x1F, 0xF8, 0x18, 0x00, 0x18, 0x00, 0x18, 0x00, 0x18, 0x00, 0x18, 0x00, 0x18, 0x00,
    0x18, 0x00, 0x18, 0x00, 0x18, 0x00, 0x18, 0x00, 0x00, 0xFC, 0x00, 0x03, 0xFF, 0x00, 0x0F, 0x07,
    0x80, 0x0E, 0x01, 0x00, 0x1C, 0x00, 0x00, 0x38, 0x00, 0x00, 0x38, 0x00, 0x00, 0x30, 0x00, 0x00,
    0x30, 0x00, 0x00, 0x30, 0x00, 0x00, 0x30, 0x3F, 0x80, 0x30, 0x3F, 0x80, 0x30, 0x01, 0x80, 0x30,
    0x01, 0x80, 0x38, 0x01, 0x80, 0x18, 0x01, 0x80, 0x1C, 0x01, 0x80, 0x0E, 0x01, 0x80, 0x07, 0x03,
    0x80, 0x03, 0xFF, 0x00, 0x00, 0xFC, 0x00, 0x18, 0x01, 0x80, 0x18, 0x01, 0x80, 0x18, 0x01, 0x80,
    0x18, 0x01, 0x80, 0x18, 0x01, 0x80, 0x18, 0x01, 0x80, 0x18, 0x01, 0x80, 0x18, 0x01, 0x80, 0x18,
    0x01, 0x80, 0x1F, 0xFF, 0x80, 0x1F, 0xFF, 0x80, 0x18, 0x01, 0x80, 0x18, 0x01, 0x80, 0x18, 0x01,
    0x80, 0x18, 0x01, 0x80, 0x18, 0x01, 0x80, 0x18, 0x01, 0x80, 0x18, 0x01, 0x80, 0x18, 0x01, 0x80,
    0x18, 0x01, 0x80, 0x18, 0x01, 0x80, 0x18, 0x18, 0x18, 0x18, 0x18, 0x18, 0x18, 0x18, 0x18, 0x18,
    0x18, 0x18, 0x18, 0x18, 0x18, 0x18, 0x18, 0x18, 0x18, 0x18, 0x18, 0x00, 0x30, 0x00, 0x30, 0x00,
    0x30, 0x00, 0x30, 0x00, 0x30, 0x00, 0x30, 0x00, 0x30, 0x00, 0x30, 0x00, 0x30, 0x00, 0x30, 0x00,
    0x30, 0x00, 0x30, 0x00, 0x30, 0x00, 0x30, 0x00, 0x30, 0x00, 0x30, 0x00, 0x30, 0x60, 0x70, 0x70,
    0xE0, 0x3F, 0xC0, 0x0F, 0x80, 0x18, 0x03, 0x00, 0x18, 0x07, 0x00, 0x18, 0x0E, 0x00, 0x18, 0x1C,
    0x00, 0x18, 0x38, 0x00, 0x18, 0x30, 0x00, 0x18, 0x60, 0x00, 0x18, 0xE0, 0x00, 0x19, 0xE0, 0x00,
    0x1B, 0xE0, 0x00, 0x1F, 0x70, 0x00, 0x1E, 0x30, 0x00, 0x1E, 0x38, 0x00, 0x1C, 0x18, 0x00, 0x18,
    0x1C, 0x00, 0x18, 0x0E, 0x00, 0x18, 0x06, 0x00, 0x18, 0x07, 0x00, 0x18, 0x03, 0x00, 0x18, 0x03,
    0x80, 0x18, 0x01, 0x80, 0x18, 0x00, 0x18, 0x00, 0x18, 0x00, 0x18, 0x00, 0x18, 0x00, 0x18, 0x00,
    0x18, 0x00, 0x18, 0x00, 0x18, 0x00, 0x18, 0x00, 0x18, 0x00, 0x18, 0x00, 0x18, 0x00, 0x18, 0x00,
    0x18, 0x00, 0x18, 0x00, 0x18, 0x00, 0x18, 0x00, 0x18, 0x00, 0x1F, 0xFC, 0x1F, 0xFC, 0x1C, 0x00,
    0x70, 0x1C, 0x00, 0xF0, 0x1E, 0x00, 0xF0, 0x1E, 0x00, 0xB0, 0x1E, 0x01, 0xB0, 0x1B, 0x01, 0xB0,
    0x1B, 0x01, 0x30, 0x1B, 0x03, 0x70, 0x19, 0x83, 0x70, 0x19, 0x86, 0x70, 0x19, 0x86, 0x70, 0x18,
    0xC6, 0x70, 0x18, 0xCC, 0x70, 0x18, 0x4C, 0x70, 0x18, 0x6C, 0x70, 0x18, 0x78, 0x70, 0x18, 0x38,
    0x70, 0x18, 0x38, 0x70, 0x18, 0x30, 0x70, 0x18, 0x00, 0x70, 0x18, 0x00, 0x70, 0x1C, 0x01, 0x80,
    0x1C, 0x01, 0x80, 0x1E, 0x01, 0x80, 0x1E, 0x01, 0x80, 0x1B, 0x01, 0x80, 0x1B, 0x01, 0x80, 0x19,
    0x81, 0x80, 0x19, 0xC1, 0x80, 0x18, 0xC1, 0x80, 0x18, 0xE1, 0x80, 0x18, 0x61, 0x80, 0x18, 0x71,
    0x80, 0x18, 0x31, 0x80, 0x18, 0x19, 0x80, 0x18, 0x19, 0x80, 0x18, 0x0D, 0x80, 0x18, 0x0D, 0x80,
    0x18, 0x07, 0x80, 0x18, 0x07, 0x80, 0x18, 0x03, 0x80, 0x18, 0x01, 0x80, 0x01, 0xF8, 0x00, 0x07,
    0xFE, 0x00, 0x0F, 0x07, 0x00, 0x1C, 0x03, 0x80, 0x1C, 0x01, 0xC0, 0x38, 0x00, 0xC0, 0x38, 0x00,
    0xC0, 0x30, 0x00, 0xE0, 0x30, 0x00, 0xE0, 0x30, 0x00, 0x60, 0x30, 0x00, 0x60, 0x30, 0x00, 0x60,
    0x30, 0x00, 0xE0, 0x30, 0x00, 0xE0, 0x38, 0x00, 0xC0, 0x18, 0x00, 0xC0, 0x1C, 0x01, 0xC0, 0x0C,
    0x03, 0x80, 0x0F, 0x07, 0x00, 0x03, 0xFE, 0x00, 0x01, 0xF8, 0x00, 0x1F, 0xF0, 0x00, 0x1F, 0xFC,
    0x00, 0x18, 0x0E, 0x00, 0x18, 0x07, 0x00, 0x18, 0x03, 0x00, 0x18, 0x03, 0x00, 0x18, 0x03, 0x00,
    0x18, 0x03, 0x00, 0x18, 0x07, 0x00, 0x18, 0x0E, 0x00, 0x1F, 0xFC, 0x00, 0x1F, 0xF0, 0x00, 0x18,
    0x00, 0x00, 0x18, 0x00, 0x00, 0x18, 0x00, 0x00, 0x18, 0x00, 0x00, 0x18, 0x00, 0x00, 0x18, 0x00,
    0x00, 0x18, 0x00, 0x00, 0x18, 0x00, 0x00, 0x18, 0x00, 0x00, 0x01, 0xF8, 0x00, 0x07, 0xFE, 0x00,
    0x0F, 0x07, 0x00, 0x1E, 0x03, 0x80, 0x1C, 0x01, 0xC0, 0x38, 0x00, 0xC0, 0x38, 0x00, 0xC0, 0x30,
    0x00, 0xE0, 0x30, 0x00, 0xE0, 0x30, 0x00, 0x60, 0x30, 0x00, 0x60, 0x30, 0x00, 0x60, 0x30, 0x00,
    0xE0, 0x30, 0x00, 0xE0, 0x38, 0x00, 0xC0, 0x38, 0x00, 0xC0, 0x18, 0x01, 0xC0, 0x0C, 0x03, 0x80,
    0x0F, 0x07, 0x00, 0x07, 0xFE, 0x00, 0x01, 0xFC, 0x00, 0x00, 0x70, 0x00, 0x00, 0x38, 0x00, 0x00,
    0x1C, 0x00, 0x00, 0x0F, 0xE0, 0x00, 0x07, 0xE0, 0x1F, 0xF8, 0x00, 0x1F, 0xFC, 0x00, 0x18, 0x0E,
    0x00, 0x18, 0x07, 0x00, 0x18, 0x03, 0x00, 0x18, 0x03, 0x00, 0x18, 0x03, 0x00, 0x18, 0x03, 0x00,
    0x18, 0x07, 0x00, 0x18, 0x0E, 0x00, 0x1F, 0xFC, 0x00, 0x1F, 0xF0, 0x00, 0x18, 0x70, 0x00, 0x18,
    0x30, 0x00, 0x18, 0x38, 0x00, 0x18, 0x1C, 0x00, 0x18, 0x0C, 0x00, 0x18, 0x0E, 0x00, 0x18, 0x06,
    0x00, 0x18, 0x07, 0x00, 0x18, 0x03, 0x00, 0x03, 0xF0, 0x00, 0x0F, 0xF8, 0x00, 0x1C, 0x1E, 0x00,
    0x18, 0x04, 0x00, 0x38, 0x00, 0x00, 0x38, 0x00, 0x00, 0x38, 0x00, 0x00, 0x1C, 0x00, 0x00, 0x1F,
    0x00, 0x00, 0x07, 0xC0, 0x00, 0x01, 0xF0, 0x00, 0x00, 0x7C, 0x00, 0x00, 0x1E, 0x00, 0x00, 0x0E,
    0x00, 0x00, 0x06, 0x00, 0x00, 0x06, 0x00, 0x00, 0x06, 0x00, 0x30, 0x0E, 0x00, 0x3C, 0x1C, 0x00,
    0x1F, 0xF8, 0x00, 0x07, 0xF0, 0x00, 0x7F, 0xFF, 0x00, 0x7F, 0xFF, 0x00, 0x01, 0x80, 0x00, 0x01,
    0x80, 0x00, 0x01, 0x80, 0x00, 0x01, 0x80, 0x00, 0x01, 0x80, 0x00, 0x01, 0x80, 0x00, 0x01, 0x80,
    0x00, 0x01, 0x80, 0x00, 0x01, 0x80, 0x00, 0x01, 0x80, 0x00, 0x01, 0x80, 0x00, 0x01, 0x80, 0x00,
    0x01, 0x80, 0x00, 0x01, 0x80, 0x00, 0x01, 0x80, 0x00, 0x01, 0x80, 0x00, 0x01, 0x80, 0x00, 0x01,
    0x80, 0x00, 0x01, 0x80, 0x00, 0x18, 0x01, 0x80, 0x18, 0x01, 0x80, 0x18, 0x01, 0x80, 0x18, 0x01,
    0x80, 0x18, 0x01, 0x80, 0x18, 0x01, 0x80, 0x18, 0x01, 0x80, 0x18, 0x01, 0x80, 0x18, 0x01, 0x80,
    0x18, 0x01, 0x80, 0x18, 0x01, 0x80, 0x18, 0x01, 0x80, 0x18, 0x01, 0x80, 0x18, 0x01, 0x80, 0x18,
    0x01, 0x80, 0x1C, 0x01, 0x80, 0x1C, 0x03, 0x80, 0x0C, 0x03, 0x00, 0x0F, 0x0F, 0x00, 0x07, 0xFE,
    0x00, 0x01, 0xF8, 0x00, 0xE0, 0x07, 0x60, 0x06, 0x60, 0x06, 0x70, 0x0E, 0x70, 0x0C, 0x30, 0x0C,
    0x30, 0x0C, 0x38, 0x1C, 0x18, 0x18, 0x18, 0x18, 0x1C, 0x38, 0x0C, 0x30, 0x0C, 0x30, 0x0C, 0x30,
    0x06, 0x60, 0x06, 0x60, 0x06, 0x60, 0x03, 0xC0, 0x03, 0xC0, 0x03, 0xC0, 0x03, 0x80, 0x60, 0x18,
    0x06, 0x60, 0x1C, 0x06, 0x70, 0x1C, 0x06, 0x70, 0x3C, 0x06, 0x30, 0x34, 0x06, 0x30, 0x36, 0x0C,
    0x30, 0x26, 0x0C, 0x38, 0x66, 0x0C, 0x18, 0x66, 0x0C, 0x18, 0x63, 0x0C, 0x18, 0x43, 0x18, 0x18,
    0xC3, 0x18, 0x1C, 0xC3, 0x18, 0x0C, 0xC1, 0x98, 0x0C, 0x81, 0x98, 0x0D, 0x81, 0xB0, 0x0D, 0x81,
    0xB0, 0x0D, 0x80, 0xF0, 0x07, 0x80, 0xF0, 0x07, 0x00, 0xF0, 0x07, 0x00, 0xE0, 0x70, 0x0E, 0x30,
    0x0C, 0x38, 0x1C, 0x18, 0x18, 0x1C, 0x30, 0x0C, 0x30, 0x0E, 0x60, 0x06, 0x60, 0x03, 0xC0, 0x03,
    0xC0, 0x03, 0x80, 0x03, 0xC0, 0x06, 0xE0, 0x06, 0x60, 0x0C, 0x70, 0x0C, 0x30, 0x18, 0x38, 0x38,
    0x18, 0x30, 0x1C, 0x70, 0x0C, 0x60, 0x0E, 0xE0, 0x0C, 0x60, 0x0C, 0x70, 0x18, 0x30, 0x18, 0x30,
    0x30, 0x18, 0x30, 0x18, 0x60, 0x0C, 0x60, 0x0C, 0xE0, 0x06, 0xC0, 0x07, 0xC0, 0x03, 0x80, 0x03,
    0x80, 0x03, 0x00, 0x03, 0x00, 0x03, 0x00, 0x03, 0x00, 0x03, 0x00, 0x03, 0x00, 0x03, 0x00, 0x03,
    0x00, 0x3F, 0xFE, 0x00, 0x3F, 0xFE, 0x00, 0x00, 0x0E, 0x00, 0x00, 0x0C, 0x00, 0x00, 0x18, 0x00,
    0x00, 0x38, 0x00, 0x00, 0x30, 0x00, 0x00, 0x70, 0x00, 0x00, 0xE0, 0x00, 0x00, 0xC0, 0x00, 0x01,
    0xC0, 0x00, 0x03, 0x80, 0x00, 0x03, 0x00, 0x00, 0x07, 0x00, 0x00, 0x06, 0x00, 0x00, 0x0E, 0x00,
    0x00, 0x1C, 0x00, 0x00, 0x18, 0x00, 0x00, 0x38, 0x00, 0x00, 0x7F, 0xFE, 0x00, 0x7F, 0xFE, 0x00,
    0x1F, 0x00, 0x18, 0x00, 0x18, 0x00, 0x18, 0x00, 0x18, 0x00, 0x18, 0x00, 0x18, 0x00, 0x18, 0x00,
    0x18, 0x00, 0x18, 0x00, 0x18, 0x00, 0x18, 0x00, 0x18, 0x00, 0x18, 0x00, 0x18, 0x00, 0x18, 0x00,
    0x18, 0x00, 0x18, 0x00, 0x18, 0x00, 0x18, 0x00, 0x18, 0x00, 0x18, 0x00, 0x18, 0x00, 0x18, 0x00,
    0x18, 0x00, 0x18, 0x00, 0x1F, 0x00, 0x40, 0x00, 0x60, 0x00, 0x60, 0x00, 0x20, 0x00, 0x30, 0x00,
    0x30, 0x00, 0x30, 0x00, 0x10, 0x00, 0x18, 0x00, 0x18, 0x00, 0x08, 0x00, 0x0C, 0x00, 0x0C, 0x00,
    0x04, 0x00, 0x06, 0x00, 0x06, 0x00, 0x02, 0x00, 0x03, 0x00, 0x03, 0x00, 0x01, 0x00, 0x01, 0x80,
    0x01, 0x80, 0x00, 0x80, 0x00, 0xC0, 0x00, 0xC0, 0x00, 0xC0, 0x00, 0x60, 0x00, 0x00, 0x7C, 0x00,
    0x04, 0x00, 0x04, 0x00, 0x04, 0x00, 0x04, 0x00, 0x04, 0x00, 0x04, 0x00, 0x04, 0x00, 0x04, 0x00,
    0x04, 0x00, 0x04, 0x00, 0x04, 0x00, 0x04, 0x00, 0x04, 0x00, 0x04, 0x00, 0x04, 0x00, 0x04, 0x00,
    0x04, 0x00, 0x04, 0x00, 0x04, 0x00, 0x04, 0x00, 0x04, 0x00, 0x04, 0x00, 0x04, 0x00, 0x04, 0x00,
    0x04, 0x00, 0x7C, 0x00, 0x03, 0x80, 0x03, 0x80, 0x02, 0xC0, 0x06, 0xC0, 0x06, 0x40, 0x0C, 0x60,
    0x0C, 0x60, 0x0C, 0x30, 0x18, 0x30, 0x18, 0x30, 0x18, 0x18, 0x30, 0x18, 0x00, 0x00, 0x00, 0x00,
    0x00, 0x00, 0x00, 0x00, 0x00, 0x00, 0x00, 0x00, 0x00, 0x00, 0x00, 0x00, 0x00, 0x00, 0x00, 0x00,
    0x00, 0x00, 0xFF, 0xFE, 0xFF, 0xFE, 0x04, 0x00, 0x00, 0x0E, 0x00, 0x00, 0x07, 0x00, 0x00, 0x03,
    0x80, 0x00, 0x01, 0xC0, 0x00, 0x00, 0xC0, 0x00, 0x00, 0x00, 0x00, 0x00, 0x00, 0x00, 0x00, 0x00,
    0x00, 0x00, 0x00, 0x00, 0x00, 0x00, 0x00, 0x00, 0x00, 0x00, 0x00, 0x00, 0x00, 0x00, 0x00, 0x00,
    0x00, 0x00, 0x00, 0x00, 0x00, 0x00, 0x00, 0x00, 0x00, 0x00, 0x00, 0x00, 0x00, 0x00, 0x00, 0x00,
    0x00, 0x00, 0x00, 0x00, 0x00, 0x00, 0x00, 0x00, 0x00, 0x00, 0x00, 0x00, 0x00, 0x00, 0x00, 0x00,
    0x00, 0x07, 0xE0, 0x1F, 0xF0, 0x18, 0x38, 0x00, 0x18, 0x00, 0x18, 0x00, 0x18, 0x01, 0xF8, 0x0F,
    0x98, 0x18, 0x18, 0x30, 0x18, 0x30, 0x18, 0x30, 0x18, 0x38, 0x78, 0x3F, 0xD8, 0x0F, 0x98, 0x18,
    0x00, 0x00, 0x18, 0x00, 0x00, 0x18, 0x00, 0x00, 0x18, 0x00, 0x00, 0x18, 0x00, 0x00, 0x18, 0x00,
    0x00, 0x18, 0x00, 0x00, 0x19, 0xF0, 0x00, 0x1B, 0xFC, 0x00, 0x1E, 0x1C, 0x00, 0x18, 0x0E, 0x00,
    0x18, 0x06, 0x00, 0x18, 0x07, 0x00, 0x18, 0x07, 0x00, 0x18, 0x07, 0x00, 0x18, 0x07, 0x00, 0x18,
    0x06, 0x00, 0x18, 0x06, 0x00, 0x18, 0x0E, 0x00, 0x1C, 0x1C, 0x00, 0x1F, 0xF8, 0x00, 0x19, 0xF0,
    0x00, 0x03, 0xE0, 0x0F, 0xF8, 0x1E, 0x18, 0x38, 0x00, 0x38, 0x00, 0x30, 0x00, 0x70, 0x00, 0x70,
    0x00, 0x30, 0x00, 0x30, 0x00, 0x30, 0x00, 0x38, 0x00, 0x1C, 0x18, 0x0F, 0xF8, 0x03, 0xE0, 0x00,
    0x0E, 0x00, 0x00, 0x0E, 0x00, 0x00, 0x0E, 0x00, 0x00, 0x0E, 0x00, 0x00, 0x0E, 0x00, 0x00, 0x0E,
    0x00, 0x00, 0x0E, 0x00, 0x03, 0xCE, 0x00, 0x0F, 0xFE, 0x00, 0x1C, 0x1E, 0x00, 0x38, 0x0E, 0x00,
    0x38, 0x0E, 0x00, 0x30, 0x0E, 0x00, 0x30, 0x0E, 0x00, 0x70, 0x0E, 0x00, 0x30, 0x0E, 0x00, 0x30,
    0x0E, 0x00, 0x30, 0x0E, 0x00, 0x38, 0x0E, 0x00, 0x1C, 0x3E, 0x00, 0x0F, 0xF6, 0x00, 0x07, 0xC6,
    0x00, 0x03, 0xE0, 0x0F, 0xF0, 0x1C, 0x38, 0x38, 0x1C, 0x30, 0x0C, 0x30, 0x0C, 0x7F, 0xFC, 0x7F,
    0xFC, 0x30, 0x00, 0x30, 0x00, 0x30, 0x00, 0x38, 0x00, 0x1C, 0x08, 0x0F, 0xFC, 0x03, 0xF0, 0x07,
    0x80, 0x0F, 0x80, 0x1C, 0x00, 0x18, 0x00, 0x18, 0x00, 0x18, 0x00, 0x18, 0x00, 0x18, 0x00, 0x7F,
    0x80, 0x7F, 0x80, 0x18, 0x00, 0x18, 0x00, 0x18, 0x00, 0x18, 0x00, 0x18, 0x00, 0x18, 0x00, 0x18,
    0x00, 0x18, 0x00, 0x18, 0x00, 0x18, 0x00, 0x18, 0x00, 0x18, 0x00, 0x18, 0x00, 0x07, 0xFE, 0x0F,
    0xFE, 0x18, 0x30, 0x38, 0x18, 0x30, 0x18, 0x30, 0x18, 0x38, 0x18, 0x18, 0x30, 0x0F, 0xF0, 0x1F,
    0xC0, 0x10, 0x00, 0x30, 0x00, 0x38, 0x00, 0x1F, 0xF8, 0x1F, 0xFC, 0x30, 0x0E, 0x30, 0x06, 0x70,
    0x06, 0x30, 0x0E, 0x38, 0x1C, 0x1F, 0xF8, 0x0F, 0xE0, 0x18, 0x00, 0x00, 0x18, 0x00, 0x00, 0x18,
    0x00, 0x00, 0x18, 0x00, 0x00, 0x18, 0x00, 0x00, 0x18, 0x00, 0x00, 0x18, 0x00, 0x00, 0x18, 0xF0,
    0x00, 0x1B, 0xF8, 0x00, 0x1E, 0x1C, 0x00, 0x1C, 0x0C, 0x00, 0x18, 0x0C, 0x00, 0x18, 0x0E, 0x00,
    0x18, 0x0E, 0x00, 0x18, 0x0E, 0x00, 0x18, 0x0E, 0x00, 0x18, 0x0E, 0x00, 0x18, 0x0E, 0x00, 0x18,
    0x0E, 0x00, 0x18, 0x0E, 0x00, 0x18, 0x0E, 0x00, 0x18, 0x0E, 0x00, 0x38, 0x38, 0x18, 0x00, 0x00,
    0x00, 0x18, 0x18, 0x18, 0x18, 0x18, 0x18, 0x18, 0x18, 0x18, 0x18, 0x18, 0x18, 0x18, 0x18, 0x18,
    0x00, 0x1C, 0x00, 0x1C, 0x00, 0x0C, 0x00, 0x00, 0x00, 0x00, 0x00, 0x00, 0x00, 0x0C, 0x00, 0x0C,
    0x00, 0x0C, 0x00, 0x0C, 0x00, 0x0C, 0x00, 0x0C, 0x00, 0x0C, 0x00, 0x0C, 0x00, 0x0C, 0x00, 0x0C,
    0x00, 0x0C, 0x00, 0x0C, 0x00, 0x0C, 0x00, 0x0C, 0x00, 0x0C, 0x00, 0x0C, 0x00, 0x0C, 0x00, 0x0C,
    0x00, 0x0C, 0x00, 0x1C, 0x00, 0xF8, 0x00, 0xF0, 0x00, 0x00, 0x00, 0x18, 0x00, 0x18, 0x00, 0x18,
    0x00, 0x18, 0x00, 0x18, 0x00, 0x18, 0x00, 0x18, 0x00, 0x18, 0x1C, 0x18, 0x38, 0x18, 0x30, 0x18,
    0x60, 0x18, 0xC0, 0x19, 0xC0, 0x1B, 0x80, 0x1B, 0xC0, 0x1E, 0xE0, 0x1C, 0x60, 0x18, 0x30, 0x18,
    0x38, 0x18, 0x18, 0x18, 0x1C, 0x18, 0x0E, 0x00, 0x00, 0x18, 0x18, 0x18, 0x18, 0x18, 0x18, 0x18,
    0x18, 0x18, 0x18, 0x18, 0x18, 0x18, 0x18, 0x18, 0x18, 0x18, 0x18, 0x18, 0x18, 0x18, 0x1C, 0x0C,
    0x19, 0xF0, 0x78, 0x00, 0x1B, 0xF9, 0xFC, 0x00, 0x1E, 0x1F, 0x0E, 0x00, 0x1C, 0x1E, 0x06, 0x00,
    0x18, 0x0C, 0x06, 0x00, 0x18, 0x0C, 0x06, 0x00, 0x18, 0x0C, 0x06, 0x00, 0x18, 0x0C, 0x06, 0x00,
    0x18, 0x0C, 0x06, 0x00, 0x18, 0x0C, 0x06, 0x00, 0x18, 0x0C, 0x06, 0x00, 0x18, 0x0C, 0x06, 0x00,
    0x18, 0x0C, 0x06, 0x00, 0x18, 0x0C, 0x06, 0x00, 0x18, 0x0C, 0x06, 0x00, 0x18, 0xF0, 0x00, 0x1B,
    0xF8, 0x00, 0x1E, 0x1C, 0x00, 0x1C, 0x0C, 0x00, 0x18, 0x0C, 0x00, 0x18, 0x0E, 0x00, 0x18, 0x0E,
    0x00, 0x18, 0x0E, 0x00, 0x18, 0x0E, 0x00, 0x18, 0x0E, 0x00, 0x18, 0x0E, 0x00, 0x18, 0x0E, 0x00,
    0x18, 0x0E, 0x00, 0x18, 0x0E, 0x00, 0x18, 0x0E, 0x00, 0x03, 0xE0, 0x00, 0x0F, 0xF8, 0x00, 0x1C,
    0x1C, 0x00, 0x38, 0x0C, 0x00, 0x30, 0x0E, 0x00, 0x30, 0x06, 0x00, 0x70, 0x06, 0x00, 0x70, 0x06,
    0x00, 0x30, 0x06, 0x00, 0x30, 0x06, 0x00, 0x30, 0x0E, 0x00, 0x38, 0x0C, 0x00, 0x1C, 0x1C, 0x00,
    0x0F, 0xF8, 0x00, 0x03, 0xE0, 0x00, 0x19, 0xF0, 0x00, 0x1B, 0xFC, 0x00, 0x1E, 0x1C, 0x00, 0x18,
    0x0E, 0x00, 0x18, 0x06, 0x00, 0x18, 0x07, 0x00, 0x18, 0x07, 0x00, 0x18, 0x07, 0x00, 0x18, 0x07,
    0x00, 0x18, 0x06, 0x00, 0x18, 0x06, 0x00, 0x18, 0x0E, 0x00, 0x1C, 0x1C, 0x00, 0x1F, 0xF8, 0x00,
    0x19, 0xF0, 0x00, 0x18, 0x00, 0x00, 0x18, 0x00, 0x00, 0x18, 0x00, 0x00, 0x18, 0x00, 0x00, 0x18,
    0x00, 0x00, 0x18, 0x00, 0x00, 0x18, 0x00, 0x00, 0x03, 0xE6, 0x00, 0x0F, 0xF6, 0x00, 0x1C, 0x1E,
    0x00, 0x38, 0x0E, 0x00, 0x38, 0x0E, 0x00, 0x30, 0x0E, 0x00, 0x30, 0x0E, 0x00, 0x70, 0x0E, 0x00,
    0x30, 0x0E, 0x00, 0x30, 0x0E, 0x00, 0x30, 0x0E, 0x00, 0x38, 0x0E, 0x00, 0x1C, 0x3E, 0x00, 0x0F,
    0xFE, 0x00, 0x07, 0xCE, 0x00, 0x00, 0x0E, 0x00, 0x00, 0x0E, 0x00, 0x00, 0x0E, 0x00, 0x00, 0x0E,
    0x00, 0x00, 0x0E, 0x00, 0x00, 0x0E, 0x00, 0x00, 0x0E, 0x00, 0x19, 0xE0, 0x1B, 0xC0, 0x1E, 0x00,
    0x1C, 0x00, 0x18, 0x00, 0x18, 0x00, 0x18, 0x00, 0x18, 0x00, 0x18, 0x00, 0x18, 0x00, 0x18, 0x00,
    0x18, 0x00, 0x18, 0x00, 0x18, 0x00, 0x18, 0x00, 0x0F, 0x80, 0x1F, 0xE0, 0x38, 0x60, 0x30, 0x00,
    0x30, 0x00, 0x38, 0x00, 0x1E, 0x00, 0x07, 0xC0, 0x01, 0xE0, 0x00, 0x70, 0x00, 0x30, 0x00, 0x30,
    0x70, 0x70, 0x3F, 0xE0, 0x0F, 0x80, 0x18, 0x00, 0x18, 0x00, 0x18, 0x00, 0x18, 0x00, 0x7F, 0xC0,
    0x7F, 0xC0, 0x18, 0x00, 0x18, 0x00, 0x18, 0x00, 0x18, 0x00, 0x18, 0x00, 0x18, 0x00, 0x18, 0x00,
    0x18, 0x00, 0x18, 0x00, 0x18, 0x00, 0x1C, 0x00, 0x0F, 0xC0, 0x07, 0xC0, 0x00, 0x00, 0x38, 0x0C,
    0x00, 0x38, 0x0C, 0x00, 0x38, 0x0C, 0x00, 0x38, 0x0C, 0x00, 0x38, 0x0C, 0x00, 0x38, 0x0C, 0x00,
    0x38, 0x0C, 0x00, 0x38, 0x0C, 0x00, 0x38, 0x0C, 0x00, 0x38, 0x0C, 0x00, 0x38, 0x0C, 0x00, 0x18,
    0x1C, 0x00, 0x1C, 0x3C, 0x00, 0x1F, 0xEC, 0x00, 0x07, 0x8C, 0x00, 0x60, 0x0C, 0x60, 0x18, 0x70,
    0x18, 0x30, 0x38, 0x30, 0x30, 0x38, 0x30, 0x18, 0x70, 0x18, 0x60, 0x1C, 0x60, 0x0C, 0xE0, 0x0C,
    0xC0, 0x06, 0xC0, 0x07, 0x80, 0x07, 0x80, 0x03, 0x80, 0x60, 0x30, 0x18, 0x60, 0x38, 0x18, 0x70,
    0x78, 0x18, 0x30, 0x78, 0x30, 0x30, 0x4C, 0x30, 0x38, 0xCC, 0x30, 0x18, 0xCC, 0x30, 0x18, 0xCC,
    0x60, 0x18, 0x86, 0x60, 0x1D, 0x86, 0x60, 0x0D, 0x86, 0xE0, 0x0D, 0x86, 0xC0, 0x0D, 0x03, 0xC0,
    0x07, 0x03, 0xC0, 0x07, 0x03, 0x80, 0x70, 0x30, 0x30, 0x30, 0x38, 0x60, 0x18, 0xE0, 0x0C, 0xC0,
    0x0F, 0x80, 0x07, 0x80, 0x07, 0x00, 0x07, 0x80, 0x0D, 0xC0, 0x18, 0xC0, 0x18, 0xE0, 0x30, 0x70,
    0x70, 0x30, 0x60, 0x38, 0x60, 0x0C, 0x60, 0x18, 0x70, 0x18, 0x30, 0x18, 0x30, 0x30, 0x18, 0x30,
    0x18, 0x30, 0x18, 0x60, 0x0C, 0x60, 0x0C, 0x60, 0x0E, 0xC0, 0x06, 0xC0, 0x06, 0xC0, 0x03, 0x80,
    0x03, 0x80, 0x03, 0x80, 0x03, 0x00, 0x03, 0x00, 0x06, 0x00, 0x0E, 0x00, 0x7C, 0x00, 0x78, 0x00,
    0x3F, 0xF0, 0x3F, 0xF0, 0x00, 0x60, 0x00, 0xC0, 0x01, 0xC0, 0x01, 0x80, 0x03, 0x00, 0x07, 0x00,
    0x06, 0x00, 0x0C, 0x00, 0x1C, 0x00, 0x18, 0x00, 0x30, 0x00, 0x7F, 0xF0, 0x7F, 0xF0, 0x07, 0x00,
    0x0E, 0x00, 0x0C, 0x00, 0x18, 0x00, 0x18, 0x00, 0x18, 0x00, 0x08, 0x00, 0x08, 0x00, 0x08, 0x00,
    0x0C, 0x00, 0x0C, 0x00, 0x18, 0x00, 0x38, 0x00, 0x70, 0x00, 0x18, 0x00, 0x08, 0x00, 0x0C, 0x00,
    0x0C, 0x00, 0x08, 0x00, 0x08, 0x00, 0x08, 0x00, 0x18, 0x00, 0x18, 0x00, 0x18, 0x00, 0x0C, 0x00,
    0x0C, 0x00, 0x07, 0x00, 0x18, 0x18, 0x18, 0x18, 0x18, 0x18, 0x18, 0x18, 0x18, 0x18, 0x18, 0x18,
    0x18, 0x18, 0x18, 0x18, 0x18, 0x18, 0x18, 0x18, 0x18, 0x18, 0x18, 0x18, 0x18, 0x18, 0x18, 0x18,
    0x18, 0x18, 0x18, 0x00, 0x70, 0x00, 0x18, 0x00, 0x0C, 0x00, 0x0C, 0x00, 0x0C, 0x00, 0x0C, 0x00,
    0x0C, 0x00, 0x0C, 0x00, 0x0C, 0x00, 0x0C, 0x00, 0x0C, 0x00, 0x0C, 0x00, 0x0F, 0x00, 0x07, 0x00,
    0x0C, 0x00, 0x0C, 0x00, 0x0C, 0x00, 0x0C, 0x00, 0x0C, 0x00, 0x0C, 0x00, 0x0C, 0x00, 0x0C, 0x00,
    0x0C, 0x00, 0x0C, 0x00, 0x0C, 0x00, 0x18, 0x00, 0x70, 0x00, 0x0C, 0x00, 0x3F, 0x04, 0x33, 0x8C,
    0x61, 0xF8, 0x00, 0x70, 0x00, 0x00, 0x00, 0x00, 0x00, 0x00, 0x00, 0x00, 0x00, 0x00, 0x00, 0x00,
    0x00, 0x00, 0x00, 0x00, 0x7F, 0xFF, 0xFF, 0xE0, 0x7F, 0xFF, 0xFF, 0xE0, 0x00, 0x00, 0x00, 0x00,
    0x00, 0x00, 0x00, 0x00, 0x00, 0x00, 0x00, 0x00, 0x00, 0x00, 0x00, 0x00, 0x00, 0x00, 0x00, 0x00,
    0x00, 0x00, 0x00, 0x00, 0x00, 0x00, 0x00, 0x00, 0x00, 0x00, 0x00, 0x00, 0x00, 0x00, 0x00, 0x00,
    0x00, 0x00, 0x00, 0x00, 0x00, 0x00, 0x00, 0x00, 0x00, 0x06, 0x00, 0x00, 0x00, 0x06, 0x00, 0x00,
    0x00, 0x06, 0x00, 0x00, 0x00, 0x06, 0x00, 0x00, 0x00, 0x06, 0x00, 0x00, 0x1F, 0xFF, 0xFF, 0x80,
    0x1F, 0xFF, 0xFF, 0x80, 0x18, 0x06, 0x01, 0x80, 0x18, 0x06, 0x01, 0x80, 0x18, 0x06, 0x01, 0x80,
    0x18, 0x06, 0x01, 0x80, 0x18, 0x06, 0x01, 0x80, 0x18, 0x06, 0x01, 0x80, 0x18, 0x06, 0x01, 0x80,
    0x18, 0x06, 0x01, 0x80, 0x1F, 0xFF, 0xFF, 0x80, 0x1F, 0xFF, 0xFF, 0x80, 0x18, 0x06, 0x01, 0x80,
    0x18, 0x06, 0x01, 0x80, 0x00, 0x06, 0x00, 0x00, 0x00, 0x06, 0x00, 0x00, 0x00, 0x06, 0x00, 0x00,
    0x00, 0x06, 0x00, 0x00, 0x00, 0x06, 0x00, 0x00, 0x00, 0x06, 0x00, 0x00, 0x00, 0x06, 0x00, 0x00,
    0x00, 0x00, 0x00, 0x00, 0x00, 0x00, 0x00, 0x00, 0x01, 0x80, 0xC0, 0x00, 0x01, 0x80, 0x60, 0x00,
    0x03, 0x7F, 0xFF, 0xE0, 0x03, 0x7F, 0xFF, 0xE0, 0x07, 0x00, 0x00, 0x00, 0x06, 0x00, 0x00, 0x00,
    0x0E, 0x1F, 0xFF, 0x00, 0x0C, 0x18, 0x03, 0x00, 0x1C, 0x18, 0x03, 0x00, 0x3C, 0x18, 0x03, 0x00,
    0x34, 0x1F, 0xFF, 0x00, 0x64, 0x00, 0x00, 0x00, 0x24, 0x00, 0x00, 0x00, 0x04, 0x7F, 0xFF, 0xE0,
    0x04, 0x7F, 0xFF, 0xE0, 0x04, 0x40, 0x00, 0x60, 0x04, 0x40, 0x00, 0x60, 0x04, 0x5F, 0xFF, 0x60,
    0x04, 0x1F, 0xFF, 0x00, 0x04, 0x00, 0x60, 0x00, 0x04, 0x00, 0x60, 0x00, 0x04, 0x00, 0x60, 0x00,
    0x04, 0x00, 0x60, 0x00, 0x04, 0x00, 0x60, 0x00, 0x04, 0x0F, 0xE0, 0x00, 0x04, 0x07, 0xC0, 0x00,
    0x00, 0x00, 0x00, 0x00, 0x00, 0x00, 0x00, 0x00, 0x01, 0x00, 0x0C, 0x00, 0x01, 0x80, 0x1C, 0x00,
    0x01, 0xC0, 0x18, 0x00, 0x00, 0xC0, 0x30, 0x00, 0x00, 0x60, 0x30, 0x00, 0x00, 0x40, 0x60, 0x00,
    0x0F, 0xFF, 0xFF, 0x80, 0x0F, 0xFF, 0xFF, 0x80, 0x00, 0x06, 0x00, 0x00, 0x00, 0x06, 0x00, 0x00,
    0x00, 0x06, 0x00, 0x00, 0x00, 0x06, 0x00, 0x00, 0x00, 0x06, 0x00, 0x00, 0x3F, 0xFF, 0xFF, 0xC0,
    0x3F, 0xFF, 0xFF, 0xC0, 0x00, 0x0F, 0x00, 0x00, 0x00, 0x0F, 0x00, 0x00, 0x00, 0x1D, 0x80, 0x00,
    0x00, 0x19, 0xC0, 0x00, 0x00, 0x38, 0xE0, 0x00, 0x00, 0x70, 0x70, 0x00, 0x00, 0xE0, 0x38, 0x00,
    0x03, 0xC0, 0x1C, 0x00, 0x0F, 0x00, 0x0F, 0x80, 0x3E, 0x00, 0x03, 0xE0, 0x38, 0x00, 0x00, 0xC0,
    0x00, 0x00, 0x00, 0x00, 0x00, 0x00, 0x00, 0x00, 0x3F, 0xFF, 0xFF, 0xC0, 0x3F, 0xFF, 0xFF, 0xC0,
    0x00, 0x06, 0x00, 0x00, 0x00, 0x06, 0x00, 0x00, 0x00, 0x06, 0x00, 0x00, 0x0F, 0xFF, 0xFE, 0x00,
    0x0F, 0xFF, 0xFE, 0x00, 0x0C, 0x06, 0x02, 0x00, 0x0C, 0x06, 0x02, 0x00, 0x0C, 0x06, 0x02, 0x00,
    0x0C, 0x06, 0x02, 0x00, 0x0F, 0xFF, 0xFE, 0x00, 0x0F, 0xFF, 0xFE, 0x00, 0x0C, 0x06, 0x02, 0x00,
    0x0C, 0x06, 0x02, 0x00, 0x0C, 0x06, 0x02, 0x00, 0x7F, 0xFF, 0xFF, 0xE0, 0x7F, 0xFF, 0xFF, 0xE0,
    0x0C, 0x00, 0x02, 0x00, 0x0C, 0x00, 0x02, 0x00, 0x0C, 0x00, 0x02, 0x00, 0x0C, 0x00, 0x02, 0x00,
    0x0C, 0x00, 0x02, 0x00, 0x0C, 0x00, 0x7E, 0x00, 0x0C, 0x00, 0x7E, 0x00, 0x00, 0x00, 0x00, 0x00,
    0x00, 0x40, 0x20, 0x00, 0x00, 0x60, 0x60, 0x00, 0x00, 0xE0, 0x30, 0x00, 0x00, 0xC0, 0x30, 0x00,
    0x01, 0xC0, 0x18, 0x00, 0x01, 0x80, 0x1C, 0x00, 0x03, 0x00, 0x0C, 0x00, 0x07, 0x00, 0x06, 0x00,
    0x0E, 0x00, 0x07, 0x00, 0x0C, 0x00, 0x03, 0x80, 0x18, 0x00, 0x01, 0xC0, 0x7F, 0xFF, 0xFE, 0xC0,
    0x27, 0xFF, 0xFE, 0x40, 0x00, 0x18, 0x06, 0x00, 0x00, 0x30, 0x06, 0x00, 0x00, 0x30, 0x04, 0x00,
    0x00, 0x30, 0x0C, 0x00, 0x00, 0x30, 0x0C, 0x00, 0x00, 0x60, 0x0C, 0x00, 0x00, 0x60, 0x0C, 0x00,
    0x00, 0xC0, 0x0C, 0x00, 0x01, 0xC0, 0x0C, 0x00, 0x03, 0x80, 0x0C, 0x00, 0x07, 0x00, 0x1C, 0x00,
    0x1E, 0x03, 0xF8, 0x00, 0x38, 0x03, 0xF8, 0x00, 0x00, 0x00, 0x00, 0x00, 0x00, 0x01, 0x80, 0x00,
    0x00, 0x03, 0x00, 0x00, 0x3F, 0x83, 0x00, 0x00, 0x3F, 0x83, 0x00, 0x00, 0x30, 0x87, 0xFF, 0xC0,
    0x30, 0x87, 0xFF, 0xC0, 0x30, 0x8C, 0x00, 0x00, 0x30, 0x8C, 0x00, 0x00, 0x30, 0x98, 0x00, 0x00,
    0x30, 0xB8, 0x00, 0x00, 0x30, 0x97, 0xFF, 0x00, 0x30, 0x87, 0xFF, 0x00, 0x30, 0x80, 0x0E, 0x00,
    0x30, 0x80, 0x1C, 0x00, 0x30, 0x80, 0x38, 0x00, 0x30, 0x80, 0x70, 0x00, 0x30, 0x80, 0xE0, 0x00,
    0x3F, 0x81, 0xC0, 0x00, 0x3F, 0x83, 0x80, 0x00, 0x30, 0x06, 0x00, 0x00, 0x30, 0x0E, 0x00, 0x60,
    0x00, 0x0C, 0x00, 0x60, 0x00, 0x18, 0x00, 0x60, 0x00, 0x1C, 0x00, 0x60, 0x00, 0x0F, 0xFF, 0xC0,
    0x00, 0x07, 0xFF, 0x80, 0x00, 0x00, 0x00, 0x00, 0x3F, 0xFF, 0xFF, 0xC0, 0x3F, 0xFF, 0xFF, 0xC0,
    0x30, 0x00, 0x00, 0xC0, 0x30, 0x00, 0x00, 0xC0, 0x30, 0x00, 0x00, 0xC0, 0x30, 0x00, 0x00, 0xC0,
    0x30, 0x7F, 0xE0, 0xC0, 0x30, 0x7F, 0xE0, 0xC0, 0x30, 0x40, 0x60, 0xC0, 0x30, 0x40, 0x60, 0xC0,
    0x30, 0x40, 0x60, 0xC0, 0x30, 0x40, 0x60, 0xC0, 0x30, 0x40, 0x60, 0xC0, 0x30, 0x40, 0x60, 0xC0,
    0x30, 0x40, 0x60, 0xC0, 0x30, 0x7F, 0xE0, 0xC0, 0x30, 0x7F, 0xE0, 0xC0, 0x30, 0x00, 0x00, 0xC0,
    0x30, 0x00, 0x00, 0xC0, 0x30, 0x00, 0x00, 0xC0, 0x30, 0x00, 0x00, 0xC0, 0x30, 0x00, 0x00, 0xC0,
    0x3F, 0xFF, 0xFF, 0xC0, 0x3F, 0xFF, 0xFF, 0xC0, 0x30, 0x00, 0x00, 0xC0, 0x00, 0x00, 0x00, 0x00,
    0x0C, 0x00, 0x60, 0x00, 0x0C, 0x00, 0x60, 0x00, 0x0C, 0x3F, 0xFF, 0xC0, 0x0C, 0x3F, 0xFF, 0xC0,
    0x0C, 0x00, 0x60, 0x00, 0x0C, 0x18, 0x61, 0x80, 0x0C, 0x0C, 0x63, 0x00, 0x7F, 0x86, 0x66, 0x00,
    0x7F, 0x82, 0x6C, 0x00, 0x0C, 0x7F, 0xFF, 0xE0, 0x0C, 0x7F, 0xFF, 0xE0, 0x0C, 0x00, 0x00, 0x00,
    0x0C, 0x00, 0x00, 0x00, 0x0C, 0x1F, 0xFF, 0x80, 0x0C, 0x1F, 0xFF, 0x80, 0x0C, 0x10, 0x01, 0x80,
    0x0C, 0x90, 0x01, 0x80, 0x0F, 0x93, 0xFD, 0x80, 0x1F, 0x12, 0x0D, 0x80, 0x78, 0x12, 0x0D, 0x80,
    0x20, 0x13, 0xFD, 0x80, 0x00, 0x10, 0x01, 0x80, 0x00, 0x10, 0x01, 0x80, 0x00, 0x1F, 0xFF, 0x80,
    0x00, 0x1F, 0xFF, 0x80, 0x00, 0x10, 0x01, 0x80, 0x00, 0x00, 0x00, 0x00, 0x00, 0x00, 0x00, 0x00,
    0x06, 0x00, 0x70, 0x00, 0x06, 0x00, 0x60, 0x00, 0x06, 0x00, 0x60, 0x00, 0x04, 0x00, 0xC0, 0x00,
    0x0C, 0x00, 0xC2, 0x00, 0x0C, 0x01, 0x86, 0x00, 0x7F, 0xE3, 0x83, 0x00, 0x7F, 0xE3, 0x01, 0x80,
    0x08, 0x66, 0x01, 0x80, 0x18, 0x6E, 0x0F, 0xC0, 0x18, 0x5F, 0xFF, 0xC0, 0x18, 0xCF, 0x00, 0x60,
    0x10, 0xC0, 0x00, 0x40, 0x30, 0xC0, 0x00, 0x00, 0x30, 0xC7, 0xFF, 0x80, 0x39, 0x87, 0xFF, 0x80,
    0x0D, 0x86, 0x01, 0x80, 0x07, 0x86, 0x01, 0x80, 0x03, 0x86, 0x01, 0x80, 0x03, 0xC6, 0x01, 0x80,
    0x06, 0xE6, 0x01, 0x80, 0x06, 0x66, 0x01, 0x80, 0x0C, 0x26, 0x01, 0x80, 0x18, 0x07, 0xFF, 0x80,
    0x78, 0x07, 0xFF, 0x80, 0x20, 0x06, 0x01, 0x80, 0x00, 0x00, 0x00, 0x00, 0x00, 0x00, 0x00, 0x00,
    0x0F, 0xFF, 0xFF, 0x00, 0x0F, 0xFF, 0xFF, 0x00, 0x0C, 0x00, 0x03, 0x00, 0x0C, 0x00, 0x03, 0x00,
    0x0C, 0x00, 0x03, 0x00, 0x0C, 0x00, 0x03, 0x00, 0x0F, 0xFF, 0xFF, 0x00, 0x0F, 0xFF, 0xFF, 0x00,
    0x0C, 0x00, 0x00, 0x00, 0x0C, 0x00, 0x00, 0x00, 0x0F, 0xFF, 0xFF, 0x80, 0x0F, 0xFF, 0xFF, 0x80,
    0x0C, 0x00, 0x01, 0x80, 0x0C, 0x00, 0x01, 0x80, 0x0C, 0x7F, 0xE1, 0x80, 0x0C, 0x7F, 0xE1, 0x80,
    0x18, 0x40, 0x21, 0x80, 0x18, 0x40, 0x21, 0x80, 0x18, 0x40, 0x21, 0x80, 0x18, 0x40, 0x21, 0x80,
    0x30, 0x7F, 0xE1, 0x80, 0x30, 0x7F, 0xE1, 0x80, 0x60, 0x40, 0x03, 0x80, 0x60, 0x00, 0x3F, 0x00,
    0x00, 0x00, 0x3F, 0x00, 0x00, 0x00, 0x00, 0x00, 0x1F, 0xFF, 0xFE, 0x00, 0x1F, 0xFF, 0xFE, 0x00,
    0x00, 0x00, 0x06, 0x00, 0x00, 0x00, 0x06, 0x00, 0x00, 0x00, 0x06, 0x00, 0x0C, 0x00, 0x06, 0x00,
    0x0C, 0x00, 0x06, 0x00, 0x0C, 0x00, 0x06, 0x00, 0x0C, 0x00, 0x06, 0x00, 0x0F, 0xFF, 0xFE, 0x00,
    0x0F, 0xFF, 0xFE, 0x00, 0x0C, 0x00, 0x06, 0x00, 0x0C, 0x00, 0x06, 0x00, 0x0C, 0x00, 0x00, 0x00,
    0x0C, 0x00, 0x00, 0x00, 0x0C, 0x00, 0x00, 0x00, 0x0C, 0x00, 0x00, 0x40, 0x0C, 0x00, 0x00, 0xC0,
    0x0C, 0x00, 0x00, 0xC0, 0x0C, 0x00, 0x00, 0xC0, 0x0C, 0x00, 0x00, 0xC0, 0x0E, 0x00, 0x01, 0xC0,
    0x07, 0xFF, 0xFF, 0x80, 0x03, 0xFF, 0xFF, 0x00, 0x00, 0x07, 0x00, 0x00, 0x00, 0x03, 0x00, 0x00,
    0x00, 0x03, 0x00, 0x00, 0x0F, 0xFF, 0xFF, 0xE0, 0x0F, 0xFF, 0xFF, 0xE0, 0x08, 0x00, 0x00, 0x00,
    0x08, 0x18, 0x0C, 0x00, 0x08, 0x18, 0x0C, 0x00, 0x0B, 0xFF, 0xFF, 0xC0, 0x0B, 0xFF, 0xFF, 0xC0,
    0x08, 0x18, 0x0C, 0x00, 0x08, 0x18, 0x0C, 0x00, 0x08, 0x18, 0x0C, 0x00, 0x08, 0x1F, 0xFC, 0x00,
    0x18, 0x1F, 0xFC, 0x00, 0x18, 0x00, 0x00, 0x00, 0x19, 0xFF, 0xFE, 0x00, 0x19, 0xFF, 0xFF, 0x00,
    0x18, 0x70, 0x06, 0x00, 0x18, 0x38, 0x0C, 0x00, 0x18, 0x1C, 0x18, 0x00, 0x10, 0x0E, 0x70, 0x00,
    0x30, 0x03, 0xE0, 0x00, 0x30, 0x1F, 0xF0, 0x00, 0x77, 0xFC, 0x3F, 0xC0, 0x63, 0xC0, 0x07, 0xC0,
    0x00, 0x00, 0x00, 0x00, 0x00, 0x00, 0x00, 0x00, 0x1F, 0xFF, 0xFF, 0xC0, 0x1F, 0xFF, 0xFF, 0xC0,
    0x00, 0xC0, 0x30, 0x00, 0x00, 0xC0, 0x30, 0x00, 0x00, 0xC0, 0x30, 0x00, 0x00, 0xC0, 0x30, 0x00,
    0x00, 0xC0, 0x30, 0x00, 0x00, 0xC0, 0x30, 0x00, 0x00, 0xC0, 0x30, 0x00, 0x00, 0xC0, 0x30, 0x00,
    0x7F, 0xFF, 0xFF, 0xE0, 0x7F, 0xFF, 0xFF, 0xE0, 0x00, 0xC0, 0x30, 0x00, 0x00, 0xC0, 0x30, 0x00,
    0x00, 0xC0, 0x30, 0x00, 0x01, 0xC0, 0x30, 0x00, 0x01, 0x80, 0x30, 0x00, 0x01, 0x80, 0x30, 0x00,
    0x03, 0x00, 0x30, 0x00, 0x07, 0x00, 0x30, 0x00, 0x06, 0x00, 0x30, 0x00, 0x1C, 0x00, 0x30, 0x00,
    0x38, 0x00, 0x30, 0x00, 0x30, 0x00, 0x30, 0x00, 0x00, 0x00, 0x00, 0x00, 0x01, 0x80, 0x00, 0x00,
    0x03, 0x1F, 0xFF, 0x80, 0x06, 0x18, 0x01, 0x80, 0x0C, 0x18, 0x01, 0x80, 0x1C, 0x18, 0x01, 0x80,
    0x70, 0x1F, 0xFF, 0x80, 0x21, 0x18, 0x01, 0x80, 0x01, 0x98, 0x01, 0x80, 0x03, 0x18, 0x01, 0x80,
    0x07, 0x1F, 0xFF, 0x80, 0x06, 0x00, 0x00, 0x00, 0x0E, 0x00, 0x00, 0x00, 0x1E, 0x3F, 0xFF, 0xC0,
    0x36, 0x3F, 0xFF, 0xC0, 0x66, 0x00, 0x04, 0x00, 0x46, 0x00, 0x04, 0x00, 0x06, 0x7F, 0xFF, 0xE0,
    0x06, 0x7F, 0xFF, 0xE0, 0x06, 0x00, 0x04, 0x00, 0x06, 0x0C, 0x04, 0x00, 0x06, 0x0E, 0x04, 0x00,
    0x06, 0x07, 0x04, 0x00, 0x06, 0x03, 0x04, 0x00, 0x06, 0x01, 0x04, 0x00, 0x06, 0x00, 0x7C, 0x00,
    0x06, 0x00, 0x7C, 0x00, 0x00, 0x00, 0x00, 0x00, 0x06, 0x00, 0xC0, 0x00, 0x06, 0x00, 0xC0, 0x00,
    0x06, 0x00, 0xC0, 0x00, 0x06, 0x00, 0xC0, 0x00, 0x06, 0x1F, 0xFF, 0x00, 0x37, 0x9F, 0xFF, 0x00,
    0x36, 0x80, 0xC1, 0x00, 0x36, 0xC0, 0xC1, 0x00, 0x26, 0xC0, 0xC1, 0x00, 0x26, 0x40, 0xC1, 0x00,
    0x66, 0x00, 0xC1, 0x00, 0x66, 0x00, 0xC1, 0x00, 0x66, 0x00, 0xC1, 0x00, 0x06, 0x7F, 0xFF, 0xE0,
    0x06, 0x7F, 0xFF, 0xE0, 0x06, 0x00, 0xE0, 0x00, 0x06, 0x00, 0xA0, 0x00, 0x06, 0x01, 0xB0, 0x00,
    0x06, 0x01, 0xB0, 0x00, 0x06, 0x03, 0x18, 0x00, 0x06, 0x03, 0x1C, 0x00, 0x06, 0x06, 0x0E, 0x00,
    0x06, 0x0C, 0x07, 0x00, 0x06, 0x1C, 0x03, 0x80, 0x06, 0x70, 0x01, 0xE0, 0x06, 0x60, 0x00, 0xC0,
    0x00, 0x00, 0x00, 0x00, 0x00, 0x00, 0x00, 0x00, 0x04, 0x00, 0x00, 0x00, 0x04, 0x1F, 0xFF, 0x80,
    0x04, 0x18, 0x01, 0x80, 0x04, 0x18, 0x01, 0x80, 0x04, 0x1F, 0xFF, 0x80, 0x25, 0x98, 0x01, 0x80,
    0x24, 0x98, 0x01, 0x80, 0x24, 0x9F, 0xFF, 0x80, 0x24, 0xC0, 0x00, 0x00, 0x24, 0x80, 0x00, 0x00,
    0x64, 0x3F, 0xFF, 0xC0, 0x64, 0x21, 0x18, 0xC0, 0x64, 0x21, 0x18, 0xC0, 0x04, 0x21, 0x18, 0xC0,
    0x04, 0x3F, 0xFF, 0xC0, 0x04, 0x00, 0x00, 0x00, 0x04, 0x7F, 0xFF, 0x00, 0x04, 0x7F, 0xFF, 0x80,
    0x04, 0x0C, 0x03, 0x00, 0x04, 0x0E, 0x07, 0x00, 0x04, 0x07, 0x0E, 0x00, 0x04, 0x01, 0xF8, 0x00,
    0x04, 0x00, 0xF0, 0x00, 0x04, 0x07, 0xFC, 0x00, 0x04, 0xFF, 0x0F, 0xE0, 0x04, 0x78, 0x01, 0xC0,
    0x00, 0x00, 0x00, 0x00, 0x00, 0x00, 0x00, 0x00, 0x00, 0x00, 0x8C, 0x00, 0x00, 0x00, 0xCE, 0x00,
    0x00, 0x00, 0xC3, 0x00, 0x7F, 0xF0, 0xC1, 0x80, 0x7F, 0xF0, 0xC1, 0x00, 0x00, 0x30, 0xC0, 0x00,
    0x00, 0x20, 0xC0, 0x40, 0x30, 0x60, 0xFF, 0xC0, 0x38, 0x6F, 0xFE, 0x00, 0x18, 0x6E, 0xC0, 0x00,
    0x0C, 0x60, 0xC1, 0x00, 0x0E, 0xC0, 0xC1, 0x80, 0x06, 0xC0, 0x61, 0x00, 0x03, 0xC0, 0x63, 0x00,
    0x03, 0x80, 0x67, 0x00, 0x03, 0x80, 0x66, 0x00, 0x03, 0xC0, 0x6C, 0x00, 0x07, 0xE0, 0x3C, 0x00,
    0x06, 0x60, 0x38, 0x00, 0x0C, 0x70, 0x30, 0x40, 0x1C, 0x30, 0x78, 0x60, 0x38, 0x00, 0xF8, 0x60,
    0x70, 0x01, 0xDC, 0x40, 0x20, 0x07, 0x8E, 0xC0, 0x00, 0x06, 0x07, 0xC0, 0x00, 0x00, 0x03, 0x80,
    0x00, 0x00, 0x00, 0x00, 0x00, 0x00, 0x00, 0x00, 0x03, 0x00, 0x01, 0x80, 0x7F, 0xFC, 0xFF, 0xC0,
    0x7F, 0xFC, 0xF0, 0x00, 0x0C, 0x00, 0xC0, 0x00, 0x0C, 0xC0, 0xC0, 0x00, 0x18, 0xC0, 0xC0, 0x00,
    0x3F, 0xFC, 0xFF, 0xE0, 0x3F, 0xFC, 0xFF, 0xE0, 0x00, 0xC0, 0x86, 0x00, 0x00, 0xC0, 0x86, 0x00,
    0x00, 0xFD, 0x86, 0x00, 0x3F, 0xFD, 0x86, 0x00, 0x3C, 0xC1, 0x86, 0x00, 0x00, 0xC3, 0x06, 0x00,
    0x00, 0xC1, 0x06, 0x00, 0x07, 0xFF, 0xFE, 0x00, 0x07, 0xFF, 0xFE, 0x00, 0x06, 0x00, 0x06, 0x00,
    0x06, 0x00, 0x06, 0x00, 0x06, 0x00, 0x06, 0x00, 0x07, 0xFF, 0xFE, 0x00, 0x06, 0x00, 0x06, 0x00,
    0x06, 0x00, 0x06, 0x00, 0x07, 0xFF, 0xFE, 0x00, 0x07, 0xFF, 0xFE, 0x00, 0x06, 0x00, 0x06, 0x00,
    0x00, 0x00, 0x00, 0x00, 0x00, 0x00, 0x00, 0x00, 0x07, 0xFF, 0xFE, 0x00, 0x06, 0x00, 0x06, 0x00,
    0x06, 0x00, 0x06, 0x00, 0x07, 0xFF, 0xFE, 0x00, 0x06, 0x00, 0x06, 0x00, 0x06, 0x00, 0x06, 0x00,
    0x06, 0x00, 0x06, 0x00, 0x07, 0xFF, 0xFE, 0x00, 0x00, 0x00, 0x00, 0x00, 0x00, 0x00, 0x00, 0x00,
    0x7F, 0xFF, 0xFF, 0xE0, 0x7F, 0xFF, 0xFF, 0xE0, 0x0C, 0x18, 0x00, 0x00, 0x0C, 0x1B, 0xFF, 0x80,
    0x0F, 0xFB, 0xFF, 0x80, 0x0C, 0x19, 0x81, 0x80, 0x0C, 0x18, 0xC1, 0x80, 0x0C, 0x18, 0xC3, 0x00,
    0x0F, 0xF8, 0x66, 0x00, 0x0C, 0x18, 0x3E, 0x00, 0x0C, 0x1E, 0x3C, 0x00, 0x0F, 0xFE, 0x3C, 0x00,
    0x7F, 0x98, 0xF7, 0x00, 0x00, 0x1B, 0xC3, 0xC0, 0x00, 0x1B, 0x00, 0xC0, 0x00, 0x00, 0x00, 0x00,
    0x00, 0x00, 0x00, 0x00, 0x00, 0x06, 0x00, 0x00, 0x00, 0x06, 0x00, 0x00, 0x00, 0x06, 0x00, 0x00,
    0x00, 0x06, 0x00, 0x00, 0x00, 0x06, 0x00, 0x00, 0x00, 0x06, 0x00, 0x00, 0x3F, 0xFF, 0xFF, 0xC0,
    0x3F, 0xFF, 0xFF, 0xC0, 0x00, 0x36, 0x80, 0x00, 0x00, 0x36, 0xC0, 0x00, 0x00, 0x66, 0xC0, 0x00,
    0x00, 0x66, 0x60, 0x00, 0x00, 0xC6, 0x70, 0x00, 0x00, 0xC6, 0x30, 0x00, 0x01, 0x86, 0x18, 0x00,
    0x03, 0x86, 0x1C, 0x00, 0x07, 0x06, 0x0E, 0x00, 0x0E, 0x06, 0x07, 0x00, 0x1C, 0x06, 0x03, 0x80,
    0x3B, 0xFF, 0xFD, 0xC0, 0x73, 0xFF, 0xFC, 0xE0, 0x20, 0x06, 0x00, 0x40, 0x00, 0x06, 0x00, 0x00,
    0x00, 0x06, 0x00, 0x00, 0x00, 0x06, 0x00, 0x00, 0x00, 0x06, 0x00, 0x00, 0x00, 0x00, 0x00, 0x00,
    0x00, 0x00, 0x00, 0x00, 0x00, 0x06, 0x00, 0x00, 0x00, 0x06, 0x00, 0x00, 0x00, 0x06, 0x00, 0x00,
    0x3F, 0xFF, 0xFF, 0xC0, 0x3F, 0xFF, 0xFF, 0xC0, 0x00, 0x06, 0x00, 0x00, 0x00, 0x06, 0x00, 0x00,
    0x00, 0x06, 0x00, 0x00, 0x0F, 0xFF, 0xFF, 0x00, 0x0F, 0xFF, 0xFF, 0x00, 0x0C, 0x06, 0x03, 0x00,
    0x0C, 0x06, 0x03, 0x00, 0x0C, 0x06, 0x03, 0x00, 0x0C, 0x06, 0x03, 0x00, 0x0F, 0xFF, 0xFF, 0x00,
    0x0F, 0xFF, 0xFF, 0x00, 0x00, 0x1F, 0x00, 0x00, 0x00, 0x1F, 0x80, 0x00, 0x00, 0x76, 0xC0, 0x00,
    0x00, 0xE6, 0x70, 0x00, 0x01, 0xC6, 0x38, 0x00, 0x07, 0x86, 0x1E, 0x00, 0x0E, 0x06, 0x07, 0x00,
    0x7C, 0x06, 0x03, 0xE0, 0x30, 0x06, 0x00, 0xC0, 0x00, 0x06, 0x00, 0x00, 0x00, 0x00, 0x00, 0x00,
    0x00, 0x06, 0x00, 0x00, 0x00, 0x06, 0x00, 0x00, 0x00, 0x06, 0x00, 0x00, 0x1F, 0xFF, 0xFF, 0x80,
    0x1F, 0xFF, 0xFF, 0x80, 0x00, 0x06, 0x00, 0x00, 0x06, 0x06, 0x06, 0x00, 0x03, 0x06, 0x06, 0x00,
    0x03, 0x06, 0x0C, 0x00, 0x01, 0x86, 0x0C, 0x00, 0x01, 0x86, 0x18, 0x00, 0x00, 0xC6, 0x18, 0x00,
    0x00, 0x06, 0x00, 0x00, 0x3F, 0xFF, 0xFF, 0xC0, 0x3F, 0xFF, 0xFF, 0xC0, 0x00, 0x1F, 0x80, 0x00,
    0x00, 0x37, 0xC0, 0x00, 0x00, 0x76, 0xE0, 0x00, 0x00, 0xE6, 0x70, 0x00, 0x01, 0xC6, 0x38, 0x00,
    0x03, 0x86, 0x1C, 0x00, 0x07, 0x06, 0x0E, 0x00, 0x1C, 0x06, 0x03, 0x80, 0x78, 0x06, 0x01, 0xE0,
    0x20, 0x06, 0x00, 0x40, 0x00, 0x06, 0x00, 0x00, 0x00, 0x00, 0x00, 0x00, 0x00, 0x00, 0x00, 0x00,
    0x00, 0x06, 0x00, 0x00, 0x00, 0x0C, 0x00, 0x00, 0x30, 0x0C, 0x00, 0x00, 0x38, 0x0C, 0x00, 0x00,
    0x1E, 0x0C, 0x00, 0x00, 0x07, 0x1F, 0xFF, 0xC0, 0x03, 0x1F, 0xFF, 0xC0, 0x00, 0x18, 0x01, 0x80,
    0x00, 0x30, 0xC1, 0x80, 0x00, 0x30, 0xC1, 0x80, 0x00, 0x60, 0xC3, 0x00, 0x00, 0xE0, 0xC3, 0x00,
    0x00, 0x40, 0xC6, 0x00, 0x00, 0x00, 0xC0, 0x00, 0x03, 0x00, 0xE0, 0x00, 0x03, 0x01, 0xE0, 0x00,
    0x06, 0x01, 0xE0, 0x00, 0x0E, 0x01, 0xB0, 0x00, 0x0C, 0x03, 0x30, 0x00, 0x1C, 0x07, 0x18, 0x00,
    0x38, 0x06, 0x18, 0x00, 0x30, 0x0C, 0x0C, 0x00, 0x30, 0x3C, 0x06, 0x00, 0x00, 0x70, 0x03, 0x80,
    0x01, 0xE0, 0x01, 0xE0, 0x01, 0xC0, 0x00, 0xC0, 0x00, 0x00, 0x00, 0x00, 0x00, 0x00, 0x00, 0x00,
    0x10, 0x30, 0x18, 0x00, 0x1C, 0x38, 0x18, 0x00, 0x0E, 0x18, 0x10, 0x00, 0x02, 0x08, 0x30, 0x00,
    0x01, 0xFF, 0xBF, 0xE0, 0x01, 0xFF, 0xBF, 0xE0, 0x00, 0x30, 0x60, 0x00, 0x00, 0x30, 0x60, 0x00,
    0x20, 0x30, 0xC0, 0x00, 0x78, 0x30, 0x7F, 0xC0, 0x1E, 0x30, 0x3F, 0xC0, 0x04, 0x3F, 0x01, 0x80,
    0x00, 0x3F, 0x03, 0x00, 0x00, 0x23, 0x06, 0x00, 0x00, 0x63, 0x06, 0x00, 0x00, 0x63, 0x06, 0x00,
    0x04, 0x63, 0x7F, 0xE0, 0x04, 0x63, 0x7F, 0xE0, 0x0C, 0x63, 0x06, 0x00, 0x0C, 0x43, 0x06, 0x00,
    0x18, 0xC3, 0x06, 0x00, 0x18, 0xC3, 0x06, 0x00, 0x19, 0x83, 0x06, 0x00, 0x31, 0x82, 0x06, 0x00,
    0x33, 0x3E, 0x3E, 0x00, 0x03, 0x3E, 0x3C, 0x00, 0x00, 0x00, 0x00, 0x00, 0x00, 0x00, 0x00, 0x00,
    0x00, 0x0C, 0x00, 0x00, 0x00, 0x06, 0x00, 0x00, 0x00, 0x06, 0x00, 0x00, 0x3F, 0xFF, 0xFF, 0xC0,
    0x3F, 0xFF, 0xFF, 0xC0, 0x30, 0x00, 0x00, 0xC0, 0x30, 0x30, 0x60, 0xC0, 0x30, 0xE0, 0x78, 0xC0,
    0x03, 0x80, 0x1E, 0x00, 0x1F, 0x00, 0x07, 0x80, 0x0C, 0x00, 0x01, 0x00, 0x0F, 0xFF, 0xFF, 0x80,
    0x0F, 0xFF, 0xFF, 0x80, 0x06, 0x00, 0x30, 0x00, 0x06, 0x00, 0x30, 0x00, 0x06, 0x00, 0x30, 0x00,
    0x07, 0xFF, 0xFF, 0xC0, 0x0F, 0xFF, 0xFF, 0xC0, 0x00, 0x03, 0xB0, 0x00, 0x00, 0x07, 0x30, 0x00,
    0x00, 0x3C, 0x30, 0x00, 0x00, 0xF0, 0x30, 0x00, 0x07, 0xC0, 0x30, 0x00, 0x3E, 0x00, 0x30, 0x00,
    0x30, 0x07, 0xE0, 0x00, 0x00, 0x03, 0xE0, 0x00, 0x00, 0x00, 0x00, 0x00, 0x00, 0x00, 0x00, 0x00,
    0x02, 0x00, 0x30, 0x00, 0x03, 0x00, 0x30, 0x00, 0x07, 0x00, 0x30, 0x00, 0x06, 0x00, 0x30, 0x00,
    0x0E, 0x1F, 0xFF, 0xC0, 0x0C, 0x1F, 0xFF, 0xC0, 0x1C, 0x40, 0x30, 0x00, 0x18, 0x60, 0x30, 0x00,
    0x30, 0xC0, 0x30, 0x00, 0x7F, 0xC0, 0x30, 0x00, 0x7F, 0x8F, 0xFF, 0xC0, 0x03, 0x0F, 0xFF, 0xC0,
    0x06, 0x00, 0x00, 0x00, 0x0C, 0x00, 0x00, 0x00, 0x1C, 0x00, 0x00, 0x00, 0x3B, 0xE7, 0xFF, 0x80,
    0x7F, 0xC7, 0xFF, 0x80, 0x78, 0x06, 0x01, 0x80, 0x00, 0x06, 0x01, 0x80, 0x00, 0x06, 0x01, 0x80,
    0x00, 0x06, 0x01, 0x80, 0x03, 0xE6, 0x01, 0x80, 0x3F, 0xE6, 0x01, 0x80, 0x7C, 0x07, 0xFF, 0x80,
    0x40, 0x07, 0xFF, 0x80, 0x00, 0x06, 0x01, 0x80, 0x00, 0x00, 0x00, 0x00, 0x00, 0x00, 0x00, 0x00,
    0x03, 0x00, 0x18, 0x00, 0x03, 0x08, 0x18, 0x00, 0x06, 0x09, 0x18, 0xC0, 0x06, 0x09, 0x98, 0x80,
    0x0C, 0x08, 0x99, 0x80, 0x0C, 0x08, 0x99, 0x00, 0x18, 0x48, 0xD9, 0x00, 0x18, 0xC8, 0x19, 0x00,
    0x30, 0xC8, 0x18, 0x00, 0x3F, 0x8B, 0xFF, 0xC0, 0x7F, 0x0B, 0xFF, 0xC0, 0x03, 0x08, 0x3C, 0x00,
    0x06, 0x08, 0x3E, 0x00, 0x0C, 0x08, 0x7A, 0x00, 0x0C, 0x08, 0x7B, 0x00, 0x19, 0xC8, 0xD9, 0x80,
    0x3F, 0xC8, 0x98, 0xC0, 0x7C, 0x09, 0x98, 0xC0, 0x00, 0x09, 0x18, 0x00, 0x00, 0x08, 0x18, 0x00,
    0x00, 0x28, 0x18, 0x00, 0x03, 0xE8, 0x18, 0x00, 0x7F, 0x88, 0x00, 0x00, 0x78, 0x0F, 0xFF, 0xE0,
    0x00, 0x0F, 0xFF, 0xE0, 0x00, 0x00, 0x00, 0x00, 0x03, 0x00, 0x60, 0x00, 0x03, 0x00, 0x60, 0x00,
    0x02, 0x0F, 0xFF, 0x80, 0x06, 0x0F, 0xFF, 0x80, 0x06, 0x00, 0x60, 0x00, 0x0C, 0x00, 0x60, 0x00,
    0x08, 0x40, 0x60, 0x00, 0x18, 0xDF, 0xFF, 0xC0, 0x30, 0x9F, 0xFF, 0xC0, 0x37, 0x80, 0x00, 0x80,
    0x7F, 0x02, 0x31, 0x80, 0x23, 0x03, 0xB1, 0x80, 0x06, 0x00, 0xF0, 0x00, 0x04, 0x1C, 0x30, 0x00,
    0x0C, 0x06, 0x30, 0x00, 0x1B, 0xC3, 0x30, 0x00, 0x3F, 0x80, 0x30, 0x00, 0x7C, 0x1F, 0xFF, 0xC0,
    0x00, 0x1F, 0xFF, 0xC0, 0x00, 0x00, 0x60, 0x00, 0x01, 0xC0, 0xC8, 0x00, 0x0F, 0x81, 0xCE, 0x00,
    0x7C, 0x03, 0x87, 0x00, 0x70, 0x07, 0x03, 0x80, 0x00, 0x1E, 0x00, 0xC0, 0x00, 0x18, 0x00, 0x40,
    0x00, 0x00, 0x00, 0x00, 0x00, 0x00, 0x00, 0x00, 0x03, 0x00, 0x30, 0x00, 0x03, 0x00, 0x30, 0x00,
    0x03, 0x00, 0x18, 0x00, 0x03, 0x00, 0x18, 0x00, 0x03, 0x07, 0xFF, 0xE0, 0x3F, 0xF7, 0xFF, 0xE0,
    0x3F, 0xF4, 0x00, 0x60, 0x33, 0x34, 0x00, 0x60, 0x33, 0x34, 0x00, 0x60, 0x33, 0x31, 0x80, 0x00,
    0x33, 0x31, 0x80, 0x00, 0x33, 0x31, 0x80, 0x80, 0x33, 0x31, 0x81, 0xC0, 0x33, 0x31, 0x87, 0x00,
    0x3F, 0xF1, 0x9E, 0x00, 0x3F, 0xF1, 0xF8, 0x00, 0x33, 0x01, 0xE0, 0x00, 0x03, 0x21, 0x80, 0x00,
    0x03, 0x21, 0x80, 0x00, 0x03, 0x31, 0x80, 0x00, 0x03, 0x31, 0x80, 0x40, 0x03, 0xF1, 0x80, 0x60,
    0x3F, 0xF9, 0x80, 0x60, 0x7E, 0x19, 0x80, 0x60, 0x40, 0x18, 0xFF, 0xC0, 0x00, 0x00, 0xFF, 0xC0,
    0x00, 0x00, 0x00, 0x00, 0x00, 0x07, 0x00, 0x00, 0x00, 0x0F, 0x00, 0x00, 0x00, 0x3F, 0xC0, 0x00,
    0x00, 0x70, 0xE0, 0x00, 0x01, 0xEC, 0x3C, 0x00, 0x0F, 0x86, 0x0F, 0x80, 0x7E, 0x03, 0x03, 0xE0,
    0x30, 0x01, 0x00, 0x40, 0x07, 0xFF, 0xFC, 0x00, 0x07, 0xFF, 0xFC, 0x00, 0x00, 0x00, 0x38, 0x00,
    0x00, 0x00, 0x70, 0x00, 0x00, 0x00, 0x60, 0x00, 0x07, 0xFF, 0xFE, 0x00, 0x07, 0xFF, 0xFE, 0x00,
    0x06, 0x00, 0x06, 0x00, 0x06, 0x06, 0x06, 0x00, 0x06, 0x06, 0x06, 0x00, 0x06, 0x06, 0x06, 0x00,
    0x06, 0x06, 0x06, 0x00, 0x06, 0x0C, 0x06, 0x00, 0x00, 0x1D, 0xC0, 0x00, 0x00, 0x38, 0xF0, 0x00,
    0x01, 0xE0, 0x3E, 0x00, 0x0F, 0xC0, 0x07, 0x80, 0x1E, 0x00, 0x01, 0x80, 0x00, 0x00, 0x00, 0x00,
    0x00, 0x00, 0x00, 0x00, 0x00, 0x00, 0x01, 0x80, 0x10, 0x00, 0x7F, 0x80, 0x18, 0x1F, 0xFE, 0x00,
    0x0C, 0x1E, 0x00, 0x00, 0x0E, 0x18, 0x00, 0x00, 0x06, 0x18, 0x00, 0x00, 0x00, 0x18, 0x00, 0x00,
    0x00, 0x1F, 0xFF, 0x80, 0x00, 0x1F, 0xFF, 0x80, 0x00, 0x18, 0x03, 0x00, 0x00, 0x18, 0x03, 0x00,
    0x7E, 0x18, 0x03, 0x00, 0x7E, 0x17, 0x06, 0x00, 0x06, 0x31, 0x8E, 0x00, 0x06, 0x30, 0xEC, 0x00,
    0x06, 0x30, 0x78, 0x00, 0x06, 0x30, 0x38, 0x00, 0x06, 0x60, 0x7C, 0x00, 0x06, 0x61, 0xCE, 0x00,
    0x06, 0xE3, 0x87, 0x00, 0x06, 0xCF, 0x03, 0x80, 0x0E, 0x0C, 0x01, 0x00, 0x1F, 0x00, 0x00, 0x00,
    0x39, 0xE0, 0x00, 0x00, 0x70, 0x7F, 0xFF, 0xC0, 0x20, 0x0F, 0xFF, 0x80, 0x00, 0x00, 0x40, 0x00,
    0x10, 0x00, 0x40, 0x00, 0x38, 0x00, 0x40, 0x00, 0x1C, 0x7F, 0xFF, 0xC0, 0x0E, 0x7F, 0xFF, 0xC0,
    0x07, 0x00, 0x40, 0x00, 0x02, 0x00, 0x40, 0x00, 0x00, 0x3F, 0xFF, 0x80, 0x00, 0x3F, 0xFF, 0x80,
    0x00, 0x30, 0x41, 0x80, 0x7E, 0x30, 0x41, 0x80, 0x7E, 0x30, 0x41, 0x80, 0x02, 0x3F, 0xFF, 0x80,
    0x02, 0x3F, 0xFF, 0x80, 0x02, 0x01, 0xF0, 0x00, 0x02, 0x01, 0xF8, 0x00, 0x02, 0x03, 0x4C, 0x00,
    0x02, 0x06, 0x46, 0x00, 0x02, 0x1C, 0x43, 0x00, 0x02, 0x38, 0x41, 0x80, 0x02, 0x70, 0x40, 0x80,
    0x07, 0x00, 0x40, 0x00, 0x1F, 0x80, 0x40, 0x00, 0x38, 0xE0, 0x00, 0x00, 0x70, 0x7F, 0xFF, 0xE0,
    0x20, 0x07, 0xFF, 0x80, 0x00, 0x00, 0x00, 0x00, 0x3F, 0xFF, 0xFF, 0xC0, 0x3F, 0xFF, 0xFF, 0xC0,
    0x00, 0x06, 0x00, 0x00, 0x00, 0x0C, 0x00, 0x00, 0x00, 0x0C, 0x00, 0x00, 0x00, 0x08, 0x00, 0x00,
    0x07, 0xFF, 0xFE, 0x00, 0x07, 0xFF, 0xFE, 0x00, 0x06, 0x00, 0x06, 0x00, 0x06, 0x00, 0x06, 0x00,
    0x06, 0x06, 0x06, 0x00, 0x06, 0x06, 0x06, 0x00, 0x06, 0x06, 0x06, 0x00, 0x06, 0x06, 0x06, 0x00,
    0x06, 0x06, 0x06, 0x00, 0x06, 0x06, 0x06, 0x00, 0x06, 0x06, 0x06, 0x00, 0x06, 0x06, 0x06, 0x00,
    0x06, 0x0C, 0x06, 0x00, 0x00, 0x1C, 0xC0, 0x00, 0x00, 0x38, 0x70, 0x00, 0x00, 0xF0, 0x1C, 0x00,
    0x03, 0xE0, 0x0F, 0x00, 0x3F, 0x00, 0x03, 0x80, 0x3C, 0x00, 0x00, 0x80, 0x00, 0x00, 0x00, 0x00,
    0x01, 0x80, 0x1C, 0x00, 0x01, 0xC0, 0x18, 0x00, 0x00, 0xC0, 0x30, 0x00, 0x00, 0x40, 0x30, 0x00,
    0x3F, 0xFF, 0xFF, 0xE0, 0x3F, 0xFF, 0xFF, 0xE0, 0x00, 0x06, 0x00, 0x00, 0x00, 0x0E, 0x00, 0x00,
    0x07, 0xFF, 0xFE, 0x00, 0x07, 0xFF, 0xFE, 0x00, 0x06, 0x00, 0x06, 0x00, 0x06, 0x00, 0x06, 0x00,
    0x06, 0x00, 0x06, 0x00, 0x07, 0xFF, 0xFE, 0x00, 0x07, 0xFF, 0xFE, 0x00, 0x06, 0x00, 0x06, 0x00,
    0x06, 0x00, 0x06, 0x00, 0x06, 0x00, 0x06, 0x00, 0x07, 0xFF, 0xFE, 0x00, 0x07, 0xFF, 0xFE, 0x00,
    0x06, 0x00, 0x06, 0x00, 0x06, 0x00, 0x06, 0x00, 0x06, 0x00, 0x06, 0x00, 0x07, 0xFF, 0xFE, 0x00,
    0x07, 0xFF, 0xFE, 0x00, 0x06, 0x00, 0x06, 0x00, 0x00, 0x00, 0x00, 0x00, 0x00, 0x00, 0x00, 0x00,
    0x00, 0x06, 0x00, 0x00, 0x00, 0x06, 0x00, 0x00, 0x00, 0x06, 0x00, 0x00, 0x3F, 0xFF, 0xFF, 0xC0,
    0x3F, 0xFF, 0xFF, 0xC0, 0x00, 0x00, 0x00, 0x00, 0x03, 0xFF, 0xFC, 0x00, 0x03, 0x00, 0x0C, 0x00,
    0x03, 0x00, 0x0C, 0x00, 0x03, 0x00, 0x0C, 0x00, 0x03, 0x00, 0x0C, 0x00, 0x03, 0xFF, 0xFC, 0x00,
    0x00, 0x00, 0x00, 0x00, 0x00, 0x00, 0x00, 0x00, 0x1F, 0xFF, 0xFF, 0x80, 0x1F, 0xFF, 0xFF, 0x80,
    0x18, 0x00, 0x01, 0x80, 0x18, 0xFF, 0xF1, 0x80, 0x18, 0xC0, 0x31, 0x80, 0x18, 0xC0, 0x31, 0x80,
    0x18, 0xC0, 0x31, 0x80, 0x18, 0xC0, 0x31, 0x80, 0x18, 0xFF, 0xF1, 0x80, 0x18, 0xC0, 0x01, 0x80,
    0x18, 0xC0, 0x01, 0x80, 0x18, 0x00, 0x07, 0x80, 0x00, 0x00, 0x00, 0x00, 0x00, 0x00, 0x00, 0x00,
    0x03, 0x00, 0x00, 0x00, 0x07, 0x80, 0x00, 0x00, 0x07, 0x80, 0x00, 0x00, 0x03, 0x00, 0x00, 0x00,
    0x00, 0x00, 0x00, 0x00, 0x00, 0x00, 0x00, 0x00, 0x00, 0x00, 0x00, 0x00, 0x00, 0x00, 0x00, 0x00,
    0x00, 0x00, 0x00, 0x00, 0x00, 0x00, 0x00, 0x00, 0x00, 0x00, 0x00, 0x00, 0x00, 0x00, 0x00, 0x00,
    0x00, 0x00, 0x00, 0x00, 0x00, 0x00, 0x00, 0x00, 0x03, 0x00, 0x00, 0x00, 0x07, 0x80, 0x00, 0x00,
    0x07, 0x80, 0x00, 0x00, 0x03, 0x00, 0x00, 0x00, 0x00, 0x00, 0x00, 0x00,
};

static const lv_font_fmt_txt_glyph_dsc_t cjk28_glyph_dsc[] = {
    { .bitmap_index = 0, .adv_w = 0, .box_w = 0, .box_h = 0, .ofs_x = 0, .ofs_y = 0 },
    { .bitmap_index = 0, .adv_w = 100, .box_w = 6, .box_h = 1, .ofs_x = 0, .ofs_y = 33 },
    { .bitmap_index = 1, .adv_w = 141, .box_w = 9, .box_h = 22, .ofs_x = 0, .ofs_y = 11 },
    { .bitmap_index = 45, .adv_w = 204, .box_w = 13, .box_h = 22, .ofs_x = 0, .ofs_y = 11 },
    { .bitmap_index = 89, .adv_w = 246, .box_w = 15, .box_h = 21, .ofs_x = 0, .ofs_y = 12 },
    { .bitmap_index = 131, .adv_w = 246, .box_w = 15, .box_h = 27, .ofs_x = 0, .ofs_y = 9 },
    { .bitmap_index = 185, .adv_w = 410, .box_w = 26, .box_h = 21, .ofs_x = 0, .ofs_y = 12 },
    { .bitmap_index = 269, .adv_w = 300, .box_w = 19, .box_h = 21, .ofs_x = 0, .ofs_y = 12 },
    { .bitmap_index = 332, .adv_w = 120, .box_w = 8, .box_h = 22, .ofs_x = 0, .ofs_y = 11 },
    { .bitmap_index = 354, .adv_w = 148, .box_w = 9, .box_h = 29, .ofs_x = 0, .ofs_y = 10 },
    { .bitmap_index = 412, .adv_w = 148, .box_w = 9, .box_h = 29, .ofs_x = 0, .ofs_y = 10 },
    { .bitmap_index = 470, .adv_w = 206, .box_w = 13, .box_h = 22, .ofs_x = 0, .ofs_y = 11 },
    { .bitmap_index = 514, .adv_w = 246, .box_w = 15, .box_h = 18, .ofs_x = 0, .ofs_y = 15 },
    { .bitmap_index = 550, .adv_w = 120, .box_w = 8, .box_h = 10, .ofs_x = 0, .ofs_y = 29 },
    { .bitmap_index = 560, .adv_w = 154, .box_w = 10, .box_h = 9, .ofs_x = 0, .ofs_y = 24 },
    { .bitmap_index = 578, .adv_w = 120, .box_w = 8, .box_h = 4, .ofs_x = 0, .ofs_y = 29 },
    { .bitmap_index = 582, .adv_w = 176, .box_w = 11, .box_h = 28, .ofs_x = 0, .ofs_y = 10 },
    { .bitmap_index = 638, .adv_w = 246, .box_w = 15, .box_h = 21, .ofs_x = 0, .ofs_y = 12 },
    { .bitmap_index = 680, .adv_w = 246, .box_w = 15, .box_h = 21, .ofs_x = 0, .ofs_y = 12 },
    { .bitmap_index = 722, .adv_w = 246, .box_w = 15, .box_h = 21, .ofs_x = 0, .ofs_y = 12 },
    { .bitmap_index = 764, .adv_w = 246, .box_w = 15, .box_h = 21, .ofs_x = 0, .ofs_y = 12 },
    { .bitmap_index = 806, .adv_w = 246, .box_w = 15, .box_h = 21, .ofs_x = 0, .ofs_y = 12 },
    { .bitmap_index = 848, .adv_w = 246, .box_w = 15, .box_h = 21, .ofs_x = 0, .ofs_y = 12 },
    { .bitmap_index = 890, .adv_w = 246, .box_w = 15, .box_h = 21, .ofs_x = 0, .ofs_y = 12 },
    { .bitmap_index = 932, .adv_w = 246, .box_w = 15, .box_h = 21, .ofs_x = 0, .ofs_y = 12 },
    { .bitmap_index = 974, .adv_w = 246, .box_w = 15, .box_h = 21, .ofs_x = 0, .ofs_y = 12 },
    { .bitmap_index = 1016, .adv_w = 246, .box_w = 15, .box_h = 21, .ofs_x = 0, .ofs_y = 12 },
    { .bitmap_index = 1058, .adv_w = 120, .box_w = 8, .box_h = 15, .ofs_x = 0, .ofs_y = 18 },
    { .bitmap_index = 1073, .adv_w = 120, .box_w = 8, .box_h = 21, .ofs_x = 0, .ofs_y = 18 },
    { .bitmap_index = 1094, .adv_w = 246, .box_w = 15, .box_h = 17, .ofs_x = 0, .ofs_y = 16 },
    { .bitmap_index = 1128, .adv_w = 246, .box_w = 15, .box_h = 15, .ofs_x = 0, .ofs_y = 18 },
    { .bitmap_index = 1158, .adv_w = 246, .box_w = 15, .box_h = 17, .ofs_x = 0, .ofs_y = 16 },
    { .bitmap_index = 1192, .adv_w = 209, .box_w = 13, .box_h = 22, .ofs_x = 0, .ofs_y = 11 },
    { .bitmap_index = 1236, .adv_w = 419, .box_w = 26, .box_h = 25, .ofs_x = 0, .ofs_y = 13 },
    { .bitmap_index = 1336, .adv_w = 270, .box_w = 17, .box_h = 21, .ofs_x = 0, .ofs_y = 12 },
    { .bitmap_index = 1399, .adv_w = 292, .box_w = 18, .box_h = 21, .ofs_x = 0, .ofs_y = 12 },
    { .bitmap_index = 1462, .adv_w = 284, .box_w = 18, .box_h = 21, .ofs_x = 0, .ofs_y = 12 },
    { .bitmap_index = 1525, .adv_w = 306, .box_w = 19, .box_h = 21, .ofs_x = 0, .ofs_y = 12 },
    { .bitmap_index = 1588, .adv_w = 262, .box_w = 16, .box_h = 21, .ofs_x = 0, .ofs_y = 12 },
    { .bitmap_index = 1630, .adv_w = 244, .box_w = 15, .box_h = 21, .ofs_x = 0, .ofs_y = 12 },
    { .bitmap_index = 1672, .adv_w = 306, .box_w = 19, .box_h = 21, .ofs_x = 0, .ofs_y = 12 },
    { .bitmap_index = 1735, .adv_w = 324, .box_w = 20, .box_h = 21, .ofs_x = 0, .ofs_y = 12 },
    { .bitmap_index = 1798, .adv_w = 128, .box_w = 8, .box_h = 21, .ofs_x = 0, .ofs_y = 12 },
    { .bitmap_index = 1819, .adv_w = 238, .box_w = 15, .box_h = 21, .ofs_x = 0, .ofs_y = 12 },
    { .bitmap_index = 1861, .adv_w = 286, .box_w = 18, .box_h = 21, .ofs_x = 0, .ofs_y = 12 },
    { .bitmap_index = 1924, .adv_w = 240, .box_w = 15, .box_h = 21, .ofs_x = 0, .ofs_y = 12 },
    { .bitmap_index = 1966, .adv_w = 360, .box_w = 23, .box_h = 21, .ofs_x = 0, .ofs_y = 12 },
    { .bitmap_index = 2029, .adv_w = 322, .box_w = 20, .box_h = 21, .ofs_x = 0, .ofs_y = 12 },
    { .bitmap_index = 2092, .adv_w = 330, .box_w = 21, .box_h = 21, .ofs_x = 0, .ofs_y = 12 },
    { .bitmap_index = 2155, .adv_w = 280, .box_w = 18, .box_h = 21, .ofs_x = 0, .ofs_y = 12 },
    { .bitmap_index = 2218, .adv_w = 330, .box_w = 21, .box_h = 26, .ofs_x = 0, .ofs_y = 12 },
    { .bitmap_index = 2296, .adv_w = 281, .box_w = 18, .box_h = 21, .ofs_x = 0, .ofs_y = 12 },
    { .bitmap_index = 2359, .adv_w = 265, .box_w = 17, .box_h = 21, .ofs_x = 0, .ofs_y = 12 },
    { .bitmap_index = 2422, .adv_w = 266, .box_w = 17, .box_h = 21, .ofs_x = 0, .ofs_y = 12 },
    { .bitmap_index = 2485, .adv_w = 321, .box_w = 20, .box_h = 21, .ofs_x = 0, .ofs_y = 12 },
    { .bitmap_index = 2548, .adv_w = 254, .box_w = 16, .box_h = 21, .ofs_x = 0, .ofs_y = 12 },
    { .bitmap_index = 2590, .adv_w = 391, .box_w = 24, .box_h = 21, .ofs_x = 0, .ofs_y = 12 },
    { .bitmap_index = 2653, .adv_w = 252, .box_w = 16, .box_h = 21, .ofs_x = 0, .ofs_y = 12 },
    { .bitmap_index = 2695, .adv_w = 234, .box_w = 15, .box_h = 21, .ofs_x = 0, .ofs_y = 12 },
    { .bitmap_index = 2737, .adv_w = 269, .box_w = 17, .box_h = 21, .ofs_x = 0, .ofs_y = 12 },
    { .bitmap_index = 2800, .adv_w = 148, .box_w = 9, .box_h = 27, .ofs_x = 0, .ofs_y = 11 },
    { .bitmap_index = 2854, .adv_w = 176, .box_w = 11, .box_h = 28, .ofs_x = 0, .ofs_y = 10 },
    { .bitmap_index = 2910, .adv_w = 148, .box_w = 9, .box_h = 27, .ofs_x = 0, .ofs_y = 11 },
    { .bitmap_index = 2964, .adv_w = 246, .box_w = 15, .box_h = 21, .ofs_x = 0, .ofs_y = 12 },
    { .bitmap_index = 3006, .adv_w = 250, .box_w = 16, .box_h = 4, .ofs_x = 0, .ofs_y = 33 },
    { .bitmap_index = 3014, .adv_w = 270, .box_w = 17, .box_h = 25, .ofs_x = 0, .ofs_y = 8 },
    { .bitmap_index = 3089, .adv_w = 250, .box_w = 16, .box_h = 15, .ofs_x = 0, .ofs_y = 18 },
    { .bitmap_index = 3119, .adv_w = 275, .box_w = 17, .box_h = 22, .ofs_x = 0, .ofs_y = 11 },
    { .bitmap_index = 3185, .adv_w = 227, .box_w = 14, .box_h = 15, .ofs_x = 0, .ofs_y = 18 },
    { .bitmap_index = 3215, .adv_w = 276, .box_w = 17, .box_h = 22, .ofs_x = 0, .ofs_y = 11 },
    { .bitmap_index = 3281, .adv_w = 246, .box_w = 15, .box_h = 15, .ofs_x = 0, .ofs_y = 18 },
    { .bitmap_index = 3311, .adv_w = 142, .box_w = 10, .box_h = 23, .ofs_x = 0, .ofs_y = 10 },
    { .bitmap_index = 3357, .adv_w = 250, .box_w = 16, .box_h = 22, .ofs_x = 0, .ofs_y = 18 },
    { .bitmap_index = 3401, .adv_w = 270, .box_w = 17, .box_h = 22, .ofs_x = 0, .ofs_y = 11 },
    { .bitmap_index = 3467, .adv_w = 120, .box_w = 8, .box_h = 22, .ofs_x = 0, .ofs_y = 11 },
    { .bitmap_index = 3489, .adv_w = 121, .box_w = 10, .box_h = 29, .ofs_x = -2, .ofs_y = 11 },
    { .bitmap_index = 3547, .adv_w = 243, .box_w = 15, .box_h = 23, .ofs_x = 0, .ofs_y = 10 },
    { .bitmap_index = 3593, .adv_w = 125, .box_w = 8, .box_h = 23, .ofs_x = 0, .ofs_y = 10 },
    { .bitmap_index = 3616, .adv_w = 412, .box_w = 26, .box_h = 15, .ofs_x = 0, .ofs_y = 18 },
    { .bitmap_index = 3676, .adv_w = 271, .box_w = 17, .box_h = 15, .ofs_x = 0, .ofs_y = 18 },
    { .bitmap_index = 3721, .adv_w = 270, .box_w = 17, .box_h = 15, .ofs_x = 0, .ofs_y = 18 },
    { .bitmap_index = 3766, .adv_w = 276, .box_w = 17, .box_h = 22, .ofs_x = 0, .ofs_y = 18 },
    { .bitmap_index = 3832, .adv_w = 276, .box_w = 17, .box_h = 22, .ofs_x = 0, .ofs_y = 18 },
    { .bitmap_index = 3898, .adv_w = 170, .box_w = 11, .box_h = 15, .ofs_x = 0, .ofs_y = 18 },
    { .bitmap_index = 3928, .adv_w = 208, .box_w = 13, .box_h = 15, .ofs_x = 0, .ofs_y = 18 },
    { .bitmap_index = 3958, .adv_w = 166, .box_w = 10, .box_h = 20, .ofs_x = 0, .ofs_y = 13 },
    { .bitmap_index = 3998, .adv_w = 270, .box_w = 17, .box_h = 15, .ofs_x = 0, .ofs_y = 18 },
    { .bitmap_index = 4043, .adv_w = 229, .box_w = 14, .box_h = 15, .ofs_x = 0, .ofs_y = 18 },
    { .bitmap_index = 4073, .adv_w = 355, .box_w = 22, .box_h = 15, .ofs_x = 0, .ofs_y = 18 },
    { .bitmap_index = 4118, .adv_w = 218, .box_w = 14, .box_h = 15, .ofs_x = 0, .ofs_y = 18 },
    { .bitmap_index = 4148, .adv_w = 230, .box_w = 14, .box_h = 22, .ofs_x = 0, .ofs_y = 18 },
    { .bitmap_index = 4192, .adv_w = 210, .box_w = 13, .box_h = 15, .ofs_x = 0, .ofs_y = 18 },
    { .bitmap_index = 4222, .adv_w = 148, .box_w = 9, .box_h = 27, .ofs_x = 0, .ofs_y = 11 },
    { .bitmap_index = 4276, .adv_w = 119, .box_w = 7, .box_h = 32, .ofs_x = 0, .ofs_y = 9 },
    { .bitmap_index = 4308, .adv_w = 148, .box_w = 9, .box_h = 27, .ofs_x = 0, .ofs_y = 11 },
    { .bitmap_index = 4362, .adv_w = 246, .box_w = 15, .box_h = 13, .ofs_x = 0, .ofs_y = 20 },
    { .bitmap_index = 4388, .adv_w = 448, .box_w = 28, .box_h = 13, .ofs_x = 0, .ofs_y = 20 },
    { .bitmap_index = 4440, .adv_w = 448, .box_w = 28, .box_h = 28, .ofs_x = 0, .ofs_y = 8 },
    { .bitmap_index = 4552, .adv_w = 448, .box_w = 28, .box_h = 28, .ofs_x = 0, .ofs_y = 8 },
    { .bitmap_index = 4664, .adv_w = 448, .box_w = 28, .box_h = 28, .ofs_x = 0, .ofs_y = 8 },
    { .bitmap_index = 4776, .adv_w = 448, .box_w = 28, .box_h = 26, .ofs_x = 0, .ofs_y = 10 },
    { .bitmap_index = 4880, .adv_w = 448, .box_w = 28, .box_h = 27, .ofs_x = 0, .ofs_y = 9 },
    { .bitmap_index = 4988, .adv_w = 448, .box_w = 28, .box_h = 27, .ofs_x = 0, .ofs_y = 8 },
    { .bitmap_index = 5096, .adv_w = 448, .box_w = 28, .box_h = 26, .ofs_x = 0, .ofs_y = 10 },
    { .bitmap_index = 5200, .adv_w = 448, .box_w = 28, .box_h = 28, .ofs_x = 0, .ofs_y = 8 },
    { .bitmap_index = 5312, .adv_w = 448, .box_w = 28, .box_h = 28, .ofs_x = 0, .ofs_y = 8 },
    { .bitmap_index = 5424, .adv_w = 448, .box_w = 28, .box_h = 26, .ofs_x = 0, .ofs_y = 10 },
    { .bitmap_index = 5528, .adv_w = 448, .box_w = 28, .box_h = 24, .ofs_x = 0, .ofs_y = 11 },
    { .bitmap_index = 5624, .adv_w = 448, .box_w = 28, .box_h = 28, .ofs_x = 0, .ofs_y = 8 },
    { .bitmap_index = 5736, .adv_w = 448, .box_w = 28, .box_h = 25, .ofs_x = 0, .ofs_y = 11 },
    { .bitmap_index = 5836, .adv_w = 448, .box_w = 28, .box_h = 27, .ofs_x = 0, .ofs_y = 8 },
    { .bitmap_index = 5944, .adv_w = 448, .box_w = 28, .box_h = 28, .ofs_x = 0, .ofs_y = 8 },
    { .bitmap_index = 6056, .adv_w = 448, .box_w = 28, .box_h = 28, .ofs_x = 0, .ofs_y = 8 },
    { .bitmap_index = 6168, .adv_w = 448, .box_w = 28, .box_h = 28, .ofs_x = 0, .ofs_y = 8 },
    { .bitmap_index = 6280, .adv_w = 448, .box_w = 28, .box_h = 28, .ofs_x = 0, .ofs_y = 8 },
    { .bitmap_index = 6392, .adv_w = 448, .box_w = 28, .box_h = 27, .ofs_x = 0, .ofs_y = 9 },
    { .bitmap_index = 6500, .adv_w = 448, .box_w = 28, .box_h = 28, .ofs_x = 0, .ofs_y = 8 },
    { .bitmap_index = 6612, .adv_w = 448, .box_w = 28, .box_h = 27, .ofs_x = 0, .ofs_y = 9 },
    { .bitmap_index = 6720, .adv_w = 448, .box_w = 28, .box_h = 28, .ofs_x = 0, .ofs_y = 8 },
    { .bitmap_index = 6832, .adv_w = 448, .box_w = 28, .box_h = 28, .ofs_x = 0, .ofs_y = 8 },
    { .bitmap_index = 6944, .adv_w = 448, .box_w = 28, .box_h = 28, .ofs_x = 0, .ofs_y = 8 },
    { .bitmap_index = 7056, .adv_w = 448, .box_w = 28, .box_h = 28, .ofs_x = 0, .ofs_y = 8 },
    { .bitmap_index = 7168, .adv_w = 448, .box_w = 28, .box_h = 28, .ofs_x = 0, .ofs_y = 8 },
    { .bitmap_index = 7280, .adv_w = 448, .box_w = 28, .box_h = 26, .ofs_x = 0, .ofs_y = 8 },
    { .bitmap_index = 7384, .adv_w = 448, .box_w = 28, .box_h = 28, .ofs_x = 0, .ofs_y = 8 },
    { .bitmap_index = 7496, .adv_w = 448, .box_w = 28, .box_h = 27, .ofs_x = 0, .ofs_y = 8 },
    { .bitmap_index = 7604, .adv_w = 448, .box_w = 28, .box_h = 28, .ofs_x = 0, .ofs_y = 8 },
    { .bitmap_index = 7716, .adv_w = 448, .box_w = 28, .box_h = 26, .ofs_x = 0, .ofs_y = 9 },
    { .bitmap_index = 7820, .adv_w = 448, .box_w = 28, .box_h = 27, .ofs_x = 0, .ofs_y = 9 },
    { .bitmap_index = 7928, .adv_w = 448, .box_w = 28, .box_h = 26, .ofs_x = 0, .ofs_y = 10 },
    { .bitmap_index = 8032, .adv_w = 448, .box_w = 28, .box_h = 28, .ofs_x = 0, .ofs_y = 8 },
    { .bitmap_index = 8144, .adv_w = 448, .box_w = 28, .box_h = 28, .ofs_x = 0, .ofs_y = 8 },
    { .bitmap_index = 8256, .adv_w = 448, .box_w = 28, .box_h = 19, .ofs_x = 0, .ofs_y = 15 },
};

static const uint16_t cjk28_unicode_list[] = {
    0, 1, 2, 3, 4, 5, 6, 7, 8, 9, 10, 11, 12, 13, 14, 15,
    16, 17, 18, 19, 20, 21, 22, 23, 24, 25, 26, 27, 28, 29, 30, 31,
    32, 33, 34, 35, 36, 37, 38, 39, 40, 41, 42, 43, 44, 45, 46, 47,
    48, 49, 50, 51, 52, 53, 54, 55, 56, 57, 58, 59, 60, 61, 62, 63,
    64, 65, 66, 67, 68, 69, 70, 71, 72, 73, 74, 75, 76, 77, 78, 79,
    80, 81, 82, 83, 84, 85, 86, 87, 88, 89, 90, 91, 92, 93, 94, 19936,
    19981, 20540, 20819, 20845, 20966, 21475, 22206, 22649, 22955, 23584, 24018, 24198, 24288, 24439, 24523, 24898,
    25071, 26210, 26336, 26380, 26431, 26437, 27393, 28184, 31327, 32435, 32455, 32461, 34471, 36106, 36788, 36863,
    38997, 39286, 39608, 65274,
};

static const lv_font_fmt_txt_cmap_t cjk28_cmaps[] = {
    { .range_start = 32, .range_length = 65275, .glyph_id_start = 1, .unicode_list = cjk28_unicode_list, .glyph_id_ofs_list = NULL, .list_length = 132, .type = LV_FONT_FMT_TXT_CMAP_SPARSE_TINY },
};

static const lv_font_fmt_txt_dsc_t cjk28_font_dsc = {
    .glyph_bitmap = cjk28_glyph_bitmap, .glyph_dsc = cjk28_glyph_dsc, .cmaps = cjk28_cmaps,
    .kern_dsc = NULL, .kern_scale = 16, .cmap_num = 1, .bpp = 1,
    .kern_classes = 0, .bitmap_format = LV_FONT_FMT_TXT_PLAIN, .stride = 1,
};

const lv_font_t lv_font_cjk_28 = {
    .get_glyph_dsc = lv_font_get_glyph_dsc_fmt_txt,
    .get_glyph_bitmap = lv_font_get_bitmap_fmt_txt,
    .line_height = 42, .base_line = 9,
    .subpx = LV_FONT_SUBPX_NONE, .underline_position = -1, .underline_thickness = 1,
    .dsc = &cjk28_font_dsc
};

